content,label
Äáº·t 1 Ä‘Ã´i size 38 nhÃ©,ordering
Em Ä‘Äƒng kÃ½ bá»™ vÃ ng máº«u máº·c size M vá»›i bá»™ xanh size S nhÃ©,ordering
cho cÃ¡i mÃ u há»“ng size M&L,ordering
 MÃ¬nh vá»«a bÃ¡o láº¡i 5 cá»‘c size m nhÃ©,ordering
cho má»™t trÃ  Ä‘Ã o cam sáº£ size s,ordering
Cho mÃ¬nh 1 cÃ¡i size M nhÃ© . Tks shop,ordering
 tháº¿ cho mÃ¬nh 2 cá»‘c 3 anh em size M . ,ordering
"Tá»› order mau há»“ng cÃ¡nh_sen size M , Ä‘áº·t dc inform tá»› ck nhÃ©",ordering
cho mÃ¬nh thÃªm 1 americano Ä‘Ã¡ size nhá» ná»¯a,ordering
Shop Æ¡i cho mÃ¬nh Ä‘áº·t Ä‘Ã´i nÃ y . size 37.5,ordering
cho thÃªm 2 nÃ¢u nÃ³ng size regular ná»¯a nhÃ©,ordering
Chá»‹ 1 navy size M ,ordering
 Cho em má»™t há»“ng trÃ  kem phÃ´ mai size m vá»›i áº¡ .,ordering
1 trÃ  hoa Ä‘áº­u biáº¿c macchiato size regular,ordering
 ship cho chi 2 coc tra sua size L co tran trau .,ordering
"MÃ¬nh order 1 size L máº§u navy , 1 size s mÃ u Ä‘en . ÄÄƒng_kÃ½ ck tháº¿_nÃ o báº¡n ?",ordering
" Cho e 1 traÌ€ xanh chanh quÃ¢Ìt mÃ¢Ì£t ong,tsÆ°Ìƒa dÆ°a gang,yaku xoaÌ€i size lÆ¡Ìn hÃªÌt .",ordering
"HoÃ ng_TÃ¹ng Ä‘áº·t cho cÃ´ chiáº¿c mÃ u Ä‘á» , size 140 ",ordering
MÃ¬nh muá»‘n láº¥y 2cÃ¡i extra nam size M vÃ  2 quáº§n nam ,ordering
 ship cho mÃ¬nh 1 trÃ  sá»¯a báº¡c size L hÃ  Äáº¿n bá»‡nh Viá»‡n phá»¥ sáº£n HÃ  Ná»™i.  SÄT : 0976555629 .,ordering
1 trÃ  Ä‘en macchiato size regular,ordering
em Ä‘áº·t cÃ¡i nÃ y size L nhÃ©,ordering
1 tÃ¡ch Americano ÄÃ¡ size regular,ordering
Cho mÃ¬nh Ä‘áº·t 2 chiáº¿c mÃ u navy size L nhÃ© . 60kg lÃ  máº·c vá»«a báº¡n nhá»‰ ?,ordering
Váº­y thÃªm 1cÃ¡i size L máº§u green nhÃ©,ordering
Cho mÃ¬nh 1 tÃ­m há»“ng size M nhÃ© . KhÃ´ng tháº¥y link Ä‘Ã¢u,ordering
cho má»™t trÃ  Ä‘Ã o size lá»›n,ordering
Ship mÃ¬nh theo sá»‘ 0979662489 size L ,ordering
 Cho em 1 toco socala vá»›i 1 hokaido size M .,ordering
"Cho mÃ¬nh Ä‘áº·t 02 mÃ u tráº¯ng size M , 2 Ä‘en sizeM nhÃ©",ordering
1 mojito chanh tÆ°Æ¡i size regular,ordering
Ão nam hay ná»¯ váº­y áº¡ ? Ão nam thÃ¬ shop ship cho em 1 Ã¡o ghi size 150 ,ordering
cho thÃªm 1 trÃ  chanh Ä‘Ã¡ size s,ordering
ChÃ¡u Ä‘Äƒt cho cÃ´ Ã¡o sÆ¡_mi káº» vÃ ng size m nhÃ©,ordering
MÃ¬nh láº¥y Ã¡o nÃ y size S.0983153019,ordering
"cho mÃ¬nh mÃ u nÃ¢u size S , máº¹ mÃ¬nh cao 1m5 cháº¯c máº·c size S vá»«a",ordering
 Báº¡n Æ¡i ship cho mÃ¬nh 1 trÃ  sá»¯a báº¡c hÃ  size M nhiá»u trÃ¢n chÃ¢u nha .,ordering
cho mÃ¬nh 1 cÃ  phÃª Ä‘en Ä‘Ã¡ size s vÃ  1 cÃ  phÃª Ä‘en Ä‘Ã¡ size m vÃ o Ä‘Æ¡n hang,ordering
cho má»™t toffee háº¡nh nhÃ¢n size s,ordering
" ok 3 toco panda, large size .",ordering
cho 2 cÃ  phÃª sá»¯a Ä‘Ã¡ size small vÃ  2 ly cÃ  phÃª sá»¯a Ä‘Ã¡ size regular,ordering
cho mÃ¬nh 1 trÃ  nho Ä‘en nÃ³ng size small vÃ  1 trÃ  nho Ä‘en nÃ³ng size regular,ordering
1 mojito chanh tÆ°Æ¡i size regular,ordering
 2 size l.1 size m nhÃ© .,ordering
Cho minh mau hong size M ban nhe !,ordering
MÃ¬nh muá»‘n láº¥y 1 Ã¡o size 140 khÃ´ng mÃ u blue . PhÃ²ng vÃ© 1 quang trung hoÃ n kiáº¿m hÃ  ná»™i 0989998575,ordering
cho mÃ¬nh má»™t mocha size small vÃ  1 mocha size regular,ordering
ban oi minh oder 1 cai mÃ u tráº¯ng size 32 cá»§a ná»¯ nhe,ordering
"cho chá»‹ Ä‘áº·t bá»™ máº«u hoa vÃ ng , size L , mang qua 17 NgÃ´_Quyá»n nhÃ©",ordering
Cho mÃ¬nh cÃ¡i nÃ y size S nhÃ© .,ordering
Tá»› Ä‘áº·t má»™t Ä‘Ã´i size 37 nhÃ© báº¡n Nháº­t_Quang,ordering
 MÃ¬nh muá»‘n mua 5 cá»‘c trÃ  sá»¯a vá»‹ hokkaido size L .,ordering
cho má»™t cá»‘c latte nÃ³ng size nhá»,ordering
cho má»™t black tea macchiato size small,ordering
cho mÃ¬nh 1 black tea macchiato size small,ordering
 Táº¥t cáº£ Ä‘á»u size M nhÃ©  ,ordering
cho má»™t trÃ  Ä‘en vÃ¡ng sá»¯a size s,ordering
cho mÃ¬nh thÃªm 1 trÃ  nho Ä‘en size m,ordering
1 caramel Ä‘Ã¡ xay size regular,ordering
cho minh dat cai size S mau hong nhe,ordering
cho mÃ¬nh 1 cÃ  phÃª sá»¯a Ä‘Ã¡ size small vÃ  1 cÃ  phÃª sá»¯a Ä‘Ã¡ size regular,ordering
tá»› 1 Ã¡o khoÃ¡c chá»‘ng nÆ°á»›c mÃ u navy size m,ordering
Cho chá»‹ order cÃ¡i nÃ y mÃ u ghi size S ,ordering
 size L nhÃ© .,ordering
1 mocha Ä‘Ã¡ size regular  ,ordering
Cho mÃ¬nh 1 cÃ¡i mÃ u xanh size 160 ,ordering
 MÃ¬nh mua 2 cá»‘c size lá»›n .,ordering
Shop ship cho mÃ¬nh Ã¡o nÃ y size m vá»›i.sá»‘ Ä‘iá»‡n thoáº¡i 0982933589 nhÃ©,ordering
cho thÃªm 1 americano nÃ³ng size small,ordering
MÃ¬nh cÅ©ng hay máº·c size S nhÆ°ng muá»‘n mua Ã¡o mÃ u cam Ä‘c ko b?mÃ¬nh lÃ  ná»¯,ordering
"sample: [chá»‹ Æ¡i, lÃ m cho em 1 soda viá»‡t quáº¥t sz S,chá»‹ Æ¡i, lÃ m cho em 1 soda viá»‡t quáº¥t size S]",ordering
 Ship cho mÃ¬nh 3 há»™p trÃ  sá»¯a kim cÆ°Æ¡ng Ä‘en size L Ä‘áº¿n 116 chÃ¹a lÃ¡ng nhÃ© .,ordering
ship giÃºp c 1 Ã¡o mÃ u xÃ¡m + 1 Ã¡o mÃ u vÃ ng size M nhÃ©_c Ä‘Ã£ inbox sdt & Ä‘á»‹a_chá»‰ e rá»“i,ordering
 hai cá»‘c Ä‘á»u size L vÃ  cÃ³ trÃ¢n chÃ¢u nhÃ©,ordering
1 nÆ°á»›c cam tÆ°Æ¡i 100% size regular,ordering
cho mÃ¬nh Ä‘áº·t cÃ¡i size S mÃ u há»“ng nhÃ©,ordering
ThÃªm Ä‘Ã´i nÃ y size w9/25cm ná»¯a,ordering
" Cho m 1 trÃ  sá»¯a hokkaidou thÃªm nhÃ¢n lÃ´ há»™i. 1 matchiato matcha, 1 yakult xoÃ i. Äá»u sz M áº¡. .",ordering
cho mÃ¬nh 1 americano size small vÃ  1 americano size medium,ordering
cho má»™t trÃ  xanh size m,ordering
 MÃ¬nh mua 2 cÃ³c size lá»›n .,ordering
 2 size l. 1size m nhÃ© ,ordering
Cho minh dat 1 doi size 37 ,ordering
1 cappucino nÃ³ng size regular,ordering
 cho e 1 trÃ  sá»¯a trÃ  xanh sz M Ä‘áº¿n 185 tÃ´n Ä‘á»©c tháº¯ng nhÃ© .,ordering
cho má»™t latte nÃ³ng size nhá»,ordering
1 caramel machiato nÃ³ng size regular,ordering
 náº¿u chÆ°a lÃ m lÃ m size l .,ordering
Mau reu size s 187 giang vo sdt 0979668266,ordering
"Cho C dat bo mau hoa vang , size L , mang qua 17 NgÃ´_Quyen nhe",ordering
 Cho e 1 toco socala vá»›i 1 hokaido size M .,ordering
E Ä‘áº·t size M 2 Ã¡o xanh cÃ²n láº¡i Ä‘c k_c . Ship e Ã¡o cam kia c nhÃ© . Äá»‹a_chá»‰ : 21 hÃ ng thiáº¿c . SÄ‘t : 01666775552,ordering
cho tÃ´i má»™t cá»‘c cÃ  phÃª nÃ³ng size vá»«a táº¡i 75 duy tÃ¢n hÃ  ná»™i,ordering
 size L nhÃ© .,ordering
 trÃ  sá»¯a 3 anh em size M .,ordering
Cho mÃ¬nh Ä‘áº·t size 150 mÃ u há»“ng Ä‘Æ°á»£c khÃ´ng shop ?,ordering
cho mÃ¬nh quáº§n_Ä‘Ã¹i Ä‘en size m Ã¡o cam size m nhÃ©,ordering
thá»© 2 cho tá»› 1 cÃ¡i size M Ä‘áº¿n 46 Tran_Phu_Ba dinh nhÃ©,ordering
Ship cho mÃ¬nh size to nháº¥t nhÃ© . VÃ¬ hÃ´ng mÃ¬nh to,ordering
"Ban oi tom lai Mih lay 4 cai , 2 mau nhu tren , 1 mau hog nhat va 1 mau hoa dam ( mau xanh ) . Tat ca deu size M nhe b . Tam 1h mih lam ve mih ck rui pm d/c . Tks b .",ordering
cho 2 cá»‘c latte nÃ³ng size nhá» Ä‘áº¿n 75 duy tÃ¢n,ordering
" Cho em 1 traÌ€ xanh chanh quÃ¢Ìt mÃ¢Ì£t ong,trÃ sÆ°Ìƒa dÆ°a gang,yaku xoaÌ€i size lÆ¡Ìn hÃªÌt .",ordering
CÃ³ cáº§n cá»c khÃ´ng chá»‹ Æ¡i . Em 47kg láº¥y size S áº¡,ordering
1 cÃ  phÃª sá»¯a nÃ³ng size regular,ordering
Äáº·t giÃºp mÃ¬nh Ä‘Ã´i nÃ y size w10/26cm ,ordering
cho tÃ´i má»™t cá»‘c cÃ  phÃª nÃ³ng size vá»«a táº¡i 75 duy tÃ¢n hÃ  ná»™i,ordering
Tháº¿ láº¥y size 260 nhÃ© em,ordering
Cho a mua 1 cai mau xanh,ordering
cho mÃ¬nh mÃ u há»“ng size M báº¡n nhÃ© !,ordering
cho 4 cá»‘c latte nÃ³ng size nhá»,ordering
Ship cho minh size to nháº¥t nhÃ© . Vi hÃ´ng mÃ¬nh to,ordering
 - Cho em 1 cá»‘c size nhá» ná»¯a .,ordering
 ship cho chá»‹ 2 cá»‘c trÃ  sá»¯a size L cÃ³ trÃ¢n chÃ¢u .,ordering
cÃ´ Quy Ä‘áº·t 1 chiáº¿c Ã¡o sÆ¡_mi 67 blue size L sá»‘ Ä‘iá»‡n thoáº¡i 01678580508,ordering
cho má»™t trÃ  xanh Ä‘Ã¡ xay size m,ordering
Chi lay 3 cai nay size XL nhe,ordering
1 tÃ¡ch Cappucino ÄÃ¡ size regular,ordering
cho mÃ¬nh 1 cÃ  phÃª sá»¯a Ä‘Ã¡ size small vÃ  1 cÃ  phÃª sá»¯a Ä‘Ã¡ size regular,ordering
cho 1 cá»‘c cÃ  phÃª Ä‘en size nhá» Ä‘áº¿n 75 duy tÃ¢n,ordering
cho má»™t cá»‘c latte nÃ³ng size regular,ordering
"Shop Æ¡i , cho mÃ¬nh Ä‘áº·t Ã¡o lv nam 1 mÃ u navy , size M ",ordering
cho thÃªm 1 americano nÃ³ng size small,ordering
 Ban ship cho mÃ¬nh 5 cá»‘c trÃ  sá»¯a báº¡c hÃ  size lÆ¡n add topping chÃ¢n trÃ¢u sá»£i+ tháº¡ch cafe .,ordering
"ChÃ¡u cho cÃ´ Ä‘áº·t sáº£n_pháº©m á»Ÿ Ä‘Æ°á»ng link sá»‘ 3 mÃ u 50 vÃ  link sá»‘ 2 mÃ u 62 . Cáº£ 2 Ä‘á»u size M . CÃ´ lÃ  báº¡n cÃ´ Háº¡nh , gá»­i cho cÃ´ Háº¡nh",ordering
"Tuan_Nga 50k ok báº¡n , 60k thÃ¬ láº¥y size L cho mÃ¬nh",ordering
cho má»™t latte nÃ³ng size v,ordering
" ship cho em 2ly nhÆ° hÃ¬nh áº¡,size cÅ©ng giá»‘ng nha áº¡ .",ordering
 Cho em 1 trÃ  sá»¯a hoÃ ng gia size to .,ordering
1 mocha háº¡nh nhÃ¢n Ä‘Ã¡ size regular,ordering
"mÃ¬nh order máº«u nÃ y 1 Ã¡o mÃ u Ä‘en size XS , báº¡n check inbox vÃ  tÃ i_khoáº£n giÃºp mÃ¬nh nhÃ©",ordering
MÃ¬nh bá»™ mÃ u_danhÃ©,ordering
 E 1 machiato há»“ng trÃ  sz L .,ordering
Em láº¥y cÃ¡i size 130 vá»›i ? mÃ u cam,ordering
Ship cho mÃ¬nh 3 há»™p trÃ  Ä‘en machiato size S Ä‘áº¿n 116 chÃ¹a lÃ¡ng nhÃ©,ordering
1 tÃ¡ch Báº¡c Sá»‰u size regular,ordering
cho má»™t latte nÃ³ng size v,ordering
Chá»‹ order em Ã¡o Ä‘en size 160 nhÃ©.Check cáº£ inbox em vá»¥ Ä‘Ã´i giÃ y hÃ´m trÆ°á»›c ná»¯a áº¡.KhÃ´ng tháº¥y chá»‹ rep ğŸ˜,ordering
cho tÃ´i má»™t bÃ¡nh tirami + 1 ni sÃ´ da viá»‡t quat vÃ  má»™t cá»‘c campuchjno cá»¡ vua nhe,ordering
m order bá»‘n li sijnh tá»™ cÃ¡m xoÃ i nhiá»u sá»¯a,ordering
cho mk 2 ly capu nÃ³ng + 4 bink cookie Ä‘áº¿n ÄH Quá»‘c Gia HÃ  Ná»™i ngay nhÃ©.,ordering
"cho mh 1 cá»‘c mocha nÃ³ng + 1 bÃ¡nh velvet Ä‘áº¿n ChÃ¹a LÃ¡ng, Äá»‘ng Äa, LÃ¡ng ThÆ°á»£ng, HÃ ná»™i 8h tá»‘i nay nhe",ordering
"m order 3 cá»‘c cookje, 4 pink americno, 5 chai chocolat Ä‘Ã¡ xay, 2 coocs xinh tá»‘ vietet quaatss ne",ordering
b mang Ä‘áº¿n lun bÃ¢y h cho mÃ¬nh 1 cá»‘c sinh tá»‘ cam soÃ i Ä‘Æ°á»£c khÃ´ng nhá»‰?,ordering
"cho c 3 cá»c cam Ã©p vÃ  1 chai capuchjn Ä‘Ã¡, 1 há»™p xjnk tá»‘ dÃ¢u á»•i nhe",ordering
"mÃ¬nh muá»‘n order 1 lá» kam tÆ°Æ¡i, 1 lá» tra xah Ä‘áº¿n XuÃ¢n Thá»§y 15h chiá»u nay",ordering
cho t má»™t coc kam eps + 1 ly xÃ´ Ä‘a tÃ¡o xanh,ordering
chá»‹ order 1 bih nc cam váº¯t nhÃ©,ordering
bÃ¢y giá» shop ship cho em ngay vÃ  luÃ´n 1 cá»‘c mocha nÃ³ng + 2 ly sinh tá»‘ dÃ¢u á»•i tá»›i NhÃ  A20 - sá»‘ 18 - HoÃ ng Quá»‘c Viá»‡t NghÄ©a ÄÃ´ Cáº§u Giáº¥y HÃ  Ná»™i,ordering
ban oi báº¡n cho m order 1 cosc capchino vÃ  2 ka cÃºc ki Ã­t sá»©a ,ordering
cho t hai chiáº¿c panh mi vÃ  3 cá»‘c sik tá»‘ cam xoÃ i + 1 banhhs velet ngay nhÃ©,ordering
cho t 1 sÃ³da viá»‡t quat vÃ  1 banh mj ruocs nhe,ordering
cho m 1 matcha Ä‘Ã¡ xay nhe,ordering
cho em Ä‘áº·t 1 cá»‘c Matcha ÄÃ¡ Xay áº¡,ordering
"cho chá»‹ Ä‘áº·t 1 cá»‘c Latte Ä‘Ã¡ kÃ¨m 1 cá»‘c mojito chanh tÆ°Æ¡i + 2 ly trÃ  Ä‘Ã o cam sa tá»›i LÃ¡ng Äá»‘ng Äa HÃ , 72 Nguyá»…n ChÃ­ Thanh LÃ¡ng Háº¡ Äá»‘ng Äa HÃ  Ná»™i",ordering
CHO 2 MATCHAA DA XAYY ÄI SHOOP,ordering
m Ä‘áº·t 2 matcha Ä‘Ã¡ xÃ¢y kÃ¨m thÃªm 1 cafe Ä‘en Ä‘Ã¡ ná»¯a,ordering
1 matcha Ä‘Ã¡ xayy tá»›i LÃ½ ThÆ°á»ng Kiá»‡t,ordering
"xin chÃ o, báº¡n cÃ³ thá»ƒ mang tá»›i cho mÃ¬nh 3 matcha Ä‘Æ°á»£c hÃ´ng?",ordering
"chÃ o chÃ¡u, chÃ¡u ship Ä‘áº¿n cÃ´ng viÃªn Cáº§u Giáº¥y cho chÃº 1 matcha nhÃ©. ChÃº cáº£m Æ¡n chÃ¡u nhiá»u",ordering
cho mmÃ¬nh 1 matcha macchiato nhÃ©,ordering
ship Ä‘áº¿n ÄH khoa há»c tá»± nhiÃªn cho mÃ¬nh 2 matcha macchiato Ä‘c k?,ordering
mang cho mÃ¬nh 2 trÃ  cam sáº£ vÃ  1 matcha macchiato nhÃ¡,ordering
cho m 1 cá»‘c trÃ  Ä‘Ã o nhá» nhÃ©,ordering
cho mÃ¬nh 1 cá»‘c trÃ  Ä‘Ã o nhá» + 3 cá»‘c to Ä‘áº¿n khoa Luáº­t Äáº¡i há»c quá»‘c gia HÃ€ Ná»™i,ordering
tÃ´i cÃ³ thá»ƒ gá»i 2 cá»‘c trÃ  dÃ o 1 size to vÃ  1 sixe nhá» Ä‘c k,ordering
mÃ¬nh cáº§n cÃ³ 3 cá»‘c trÃ  Ä‘Ã o thÃªm 1 cá»‘c matcha dÃ¡ xayy,ordering
mÃ¬nh muá»‘n dÃ¹ng 1 trÃ  Ä‘en báº¡n nhÃ©,ordering
tÃ´i muá»‘n Ä‘áº·t 1 cá»‘c trÃ  hoa Ä‘áº­u biÃ©c,ordering
5 ly trÃ  Ä‘Ã o báº¡n nhÃ©,ordering
"baáº¡n cÃ³ thá»ƒ ship ngay bÃ¢y giá» cho mÃ¬nh (matcha Ä‘Ã¡ xay, matcha macchiato, trÃ  Ä‘Ã o, trÃ  Ä‘en, trÃ  hoa Ä‘áº­u biáº¿c) má»—i loáº¡i 2 ly nhÃ©",ordering
khoáº£ng giá»¯a buá»•i sÃ¡ng ngÃ y mai ship cho e ba cá»‘c cafe Ä‘en Ä‘Ã¡ áº¡,ordering
phiá»n báº¡n ship luÃ´n bÃ¢y giá» cho mÃ¬nh 5 ly cÃ  phÃª Ä‘en Ä‘Ã¡ nhÃ©,ordering
ship cho m 2 cÃ  phÃª sá»¯a Ä‘Ã¡ 15 giá» hÃ´m nay nhÃ©,ordering
1 cÃ  phÃª Ä‘en Ä‘Ã¡ cá»‘c nhá» nhÃ©,ordering
( 1 caf phÃª Ä‘en Ä‘Ã¡ + 1 sá»¯a Ä‘Ã¡) size to nhÃ©,ordering
3 ca phe sÆ°a Ä‘Ã¡ + 1 trÃ  hoa Ä‘áº­u biáº¿c na,ordering
baáº¡n cÃ³ thá»ƒ ship cho mk 3 ly báº¡c sá»‰u trong Ä‘Ã³ 2 to vÃ  1 nhá» vÃ o 18h tÃ³i nay dc k nhá»‰?,ordering
lÃ m phiá»n báº¡n cÃ³ thá»ƒ chuyá»ƒn Ä‘áº¿n phá»‘ Triá»u KhÃºc cho m 3 cÃ  phÃª sá»¯a Ä‘Ã¡ kÃ¨m thÃªm 1 cá»‘c Báº¡c sá»‰u nhes,ordering
1 matcha Ä‘Ã¡ xay + (1 latte nÃ³ng + 1 cafe sá»¯a Ä‘Ã¡) cá»‘c to vÃ o 7h sÃ¡ng mai á»Ÿ Cáº§u Giáº¥y nha,ordering
ship ngay cho mk 1 latte nÃ³ng vÃ  1 latte Ä‘Ã¡,ordering
1 mocha nÃ³ng,ordering
3 mocha Ä‘Ã¡ xayy nha,ordering
chÃ¡u cho cÃ´ 1 cappucino nÃ³ng 7h sÃ¡ng nay nhÃ©,ordering
m muá»‘n cÃ³ thÃªm 1 ly americano Ä‘Ã¡ vÃ  2 cá»‘c cappucino Ä‘Ã¡ vÃ o 2h chiá»u nay,ordering
em cÃ³ thá»ƒ ship Ä‘áº¿n Cá»“ng Ä‘h ThÆ°Æ¡ng Máº¡i cho chá»‹ 1 ESPRESSO ÄÃ Ä‘c k nhá»‰?\,ordering
c cáº§n gáº¥p ngay 1 cá»‘c ESPRESSO ÄÃ,ordering
náº¿u e cÃ³ thá»ƒ e mang Ä‘áº¿n luÃ´n bÃ¢y giá» cho a 1 cá»‘ espressso Ä‘Ã¡ kÃ¨m thÃªm 5 ly cafe Ä‘en Ä‘Ã¡ nhÃ©,ordering
m order 1 cá»‘c ESPRESSO NÃ“NG size to vÃ  2 size nhá»,ordering
1 ly ESPRESSO Sá»®A ÄÃ nhe,ordering
b ship cho mk 1 espressso sua da nhÃ©,ordering
t cáº§n 1 coc SINH Tá» VIá»†T QUáº¤T,ordering
m mÃºn b chuyá»ƒn Ä‘áº¿n vÆ°á»n bÃ¡ch tháº£o HÃ  ná»™i cho mÃ¬nh 1 sinh tá»‘ cam soÃ i + 4 soda tÃ¡o xanh vá»›i thÃªm 2 ly mojito chanh dÃ¢y,ordering
b chuyá»ƒn Ä‘áº¿n 18 Tráº¥n VÅ© Ba ÄÃ¬nh HÃ  Ná»™i cho mÃ¬nh 1 sinh tá»‘ cam xoai nhe,ordering
anh cÃ³ thá»ƒ ship cho em 3 cá»‘c trÃ  Ä‘Æ°á»£c khÃ´ng áº¡?,ordering
cho m order thÃªm 1 cá»‘c TRÃ€ ÄEN MACCHIATO cÅ©ng Ä‘áº¿n Ä‘á»‹a chá»‰ vá»«a xong nhÃ©,ordering
c muá»‘n Ä‘áº·t 4 bÃ¡nh bear cake Ä‘áº¿n 399 Tam Trinh HoÃ ng VÄƒn Thá»¥ HÃ€ Ná»˜I ,ordering
tÃ´i mÃºn 10 cá»‘c socola da xay qua ngÃµ 82 yÃªn lÃ£ng nhÃ©,ordering
baáº¡n vui lÃ²ng ship Ä‘áº¿n 119 YÃªn LÃ£ng cho mk 3 tra dao cam sa nhe,ordering
cho mk orser 1 ly mocha nong kÃ¨m thÃªm 1 cá»‘c mojito chanh tay nha,ordering
"cho tá»›i NgÃµ 250 - KhÆ°Æ¡ng Trung, KhÆ°Æ¡ng ÄÃ¬nh giÃºp tÃ´i má»™t cá»‘c latte nÃ³ng + 1 cá»‘c trad Ä‘en macchiato ngay nhe",ordering
cho t 2 ly cookies da xay toi trg thpt Ho Tung mau nha,ordering
4 cá»‘c espresso Ä‘Ã¡ + 1 ly trÃ  hÆ°Æ¡ng vá»‹ nho Ä‘en Ä‘Ã¡ nhe,ordering
1 cá»‘c americano nÃ³ng Ä‘áº¿n KhÆ°Æ¡ng Háº¡ nhÃ© ad,ordering
cho tÃ´i 4 cá»‘c sÃ´ cÃ´ la Ä‘Ã¡ xay tá»›i 87 LÃ¡ng Háº¡ ThÃ nh CÃ´ng HÃ  Ná»™i nhÃ©,ordering
cho tÃ´i order 5 cá»‘c sinh tá»‘ dÃ¢u á»•i tá»›i 101 Nguyá»…n ChÃ­ Thanh LÃ¡ng Háº¡ HÃ  Ná»™i,ordering
"m muá»‘n b ship Ä‘áº¿n Salon tÃ³c V-salon.vn Sá»‘ 5, NgÃµ 55 - Huá»³nh ThÃºc KhÃ¡ng LÃ¡ng Háº¡ HÃ  Ná»™i cho mih 1 cá»‘c latte nÃ³ng + 1 mocha nÃ³ng nhÃ©",ordering
cho mk Ä‘áº·t 3 ly so co la da xay + 1 espresso sá»¯a Ä‘Ã¡ + 3 cá»‘c americano nÃ³ng tá»›i Ä‘á»‹a chá»‰ nÃ y nhÃ© :120 Äá»‘c Ngá»¯ VÄ©nh PhÃºc Hanoi,ordering
cho m order 1 cá»‘c CÃ  PhÃª Äen ÄÃ¡ + 3 bÃ¡nh Bear Cake tá»›i TÃ´n Tháº¥t Thuyáº¿t Má»¹ ÄÃ¬nh 2 Tá»« LiÃªm HÃ  Ná»™i nhÃ©,ordering
cho m dat 3 cá»‘c TrÃ  hoa Ä‘áº­u biáº¿c macchiato vÃ  1 cá»‘c CÃ  PhÃª Äen NÃ³ng + 1 bÃ¡nh Bear Cake ngay nhÃ©,ordering
"cho mik order 1 Sinh Tá»‘ DÃ¢u á»”i + 1 TrÃ  Ä‘en macchiato Ä‘áº¿n PhÃ²ng B101 tÃ²a nhÃ  NTC Khu Ä‘Ã o táº¡o Má»¹ ÄÃ¬nh, sá»‘ 5 Ä‘Æ°á»ng Má»¹ ÄÃ¬nh, P. Má»¹ Ä‘Ã¬nh 2,Q. Nam Tá»« LiÃªm, HÃ  Ná»™i",ordering
1 cá»‘c TrÃ  Matcha Latte NÃ³ng + 1 cá»‘c TrÃ  Matcha Latte ÄÃ¡ them 2 cá»‘c Matcha macchiato nhÃ©,ordering
ship ngay vÃ  luÃ´n hoáº·c trong chiá»u nay cho mÃ¬nh 1 ly Soda Viá»‡t Quáº¥t + 1 cá»‘c Cappucino NÃ³ng nhÃ©,ordering
minh muon order 1 coc caramel da xay toi Nguyen Co Thach,ordering
m muá»‘n order 2 cá»‘c cappucino nÃ³ng kÃ¨m 1 bÃ¡nh bear cake Ä‘áº¿n Nguyá»…n CÆ¡ Tháº¡ch sÃ¡ng mai 9g nhÃ©,ordering
cho t ngay 1 cá»‘c Cappucino ÄÃ¡ vÃ  1 cá»‘c Caramel ÄÃ¡ Xay + 3 cá»‘c TrÃ  HÆ°Æ¡ng Vá»‹ Nho Äen NÃ³ng,ordering
mang Ä‘áº¿n luÃ´n bg cho t 2 cá»‘c Caramel Machiato NÃ³ng vÃ  4 cá»‘c Caramel Machiato ÄÃ¡ nha,ordering
cho tá»› order 1 ly soda TÃ¡o Xanh vÃ  1 ly sinh tá»‘ dÃ¢u á»•i kÃ¨m thÃªm 3 ly trÃ  Ä‘en macchiato Ä‘áº¿n TÃ¢y Má»— nhÃ© nhÃ©,ordering
cho mÃ¬nh 3 chai so da viet quáº­t vÃ  1 cá»‘c cabuchino da nhe,ordering
1 NÆ°á»›c Cam TÆ°Æ¡i 100% + 2 Soda TÃ¡o Xanh vÃ  8 cá»‘c Hazelnut ÄÃ¡ Xay + 1 cá»‘c Toffee Háº¡nh NhÃ¢n NÃ³ng ,ordering
m muá»‘n 1 Sinh Tá»‘ DÃ¢u á»”i + 1 TrÃ  Ä‘en macchiato vÃ o 13h mai nhes,ordering
cho m 3 cá»‘c TrÃ  hoa Ä‘áº­u biáº¿c macchiato vÃ  1 cá»‘c CÃ  PhÃª Äen NÃ³ng + 1 bÃ¡nh Bear Cake,ordering
cho t 1 BÃ¡nh Red Velvet+1 Tiramisu + 2 bÃ¡nh Bear Cake,ordering
m Ä‘áº·t 1 bjnfh amaricano mÃ¡t vÃ  3 ly sjnhh tá»™ zá»‹t quáº¥t + 1 cÃ³cc xÃ´ Ä‘a zá»‹t quáº¥t nha,ordering
t mÃºn 1 bik karramel vÃ  1 bik soda viettj quáº¥t,ordering
cho t 1 li carame vá»«a sá»¯a thÃªm 1 so Ä‘a vá»±t quáº¥t nhÃ©,ordering
cho m Ä‘áº·t 5 li caraen vÃ  1 li sink tooa viá»‡t quáº¥t,ordering
"cho t oorder ba bjnk carramen, 1 bjnk capuno, 1 bjnk socola nhiá»u sá»©a + 1 pÃ¡nh mjf ruá»‘c phomai",ordering
m Ä‘áº·t 1 ná» cadamen nÃ³ng vs 1 ná» cÃºc ki,ordering
cho t 1 ná» kalamel vs 3 ná» cooky,ordering
ship cho t 1 li americno láº¡nh vs 1 sink tá»‘ viá»‡t quáº¥t nhÃ© nhÃ©,ordering
m nÃºn order 1 sinh tá»‘ viejt quáº¥t vÃ  1 ni amaricano áº¥m ni to nhÃ©,ordering
m order 1 bÃ¡nh ruÃ´c vÃ  1 chai amaricano to + 1 xinh tá»‘ tao sanh nha,ordering
m order ba cÃ³c sinh to vietj quáº¥t vÃ  1 bÃ¡nh red ngay nha,ordering
cho t má»™t red velet vÃ  2 cá»‘c sijnh tá»™ nhe,ordering
cho t 2 bÃ´ng lan trá»©ng muá»‘i vÃ  1 soda tÃ¡o xanh + 1 ni capuchjn nÃ³ng ni vá»«a,ordering
2 cÃ³ xo Ä‘a tÃ¡o xank vÃ  1 boogn lan + 1 campucino nÃ³ng to nhe,ordering
baáº¡n ship cho m ngay bÃ¢y giá» má»™t cá»‘ hazzennut lon nhÃ©,ordering
cho t order 1 pÃ¡nh gáº¥u vÃ  1 cá»‘c hazenut cá»‘c to + 1 xinh tá»‘ dau oi,ordering
m order 1 bÃ¡nh bear vÃ  1 cá»‘c hazenut cá»¡ nho nhÃ©,ordering
1 bÃ¡nh lan muoi vÃ  1 chai capchino nÃ³ng co vÆ°a nhe,ordering
cho tÃ´i oorder 1 ca hazennuts cá»› vá»«a vÃ  má»™t li sinh tá»‘ á»•i nha,ordering
em qua chá»‹ láº¥y hay chá»‹ ship ? Huyá»n,shipping
cÃ³ ship hÃ ng khÃ´ng áº¡ .,shipping
Inbox sá»‘ Ä‘iá»‡n thoáº¡i vá»›i Ä‘á»‹a_chá»‰ ship nhÃ©,shipping
Vs bn cá»‘c ship áº¡ .,shipping
ship Ä‘áº¿n ngÃ£ tÆ° lÃª vÄƒn lÆ°Æ¡ng khaaust duy tiáº¿n bao nhiÃªu váº­y áº¡,shipping
BÃªn mÃ¬nh cÃ³ ship sang pháº¡m vÄƒn Ä‘á»“ng k áº¡ .,shipping
Jo baÌ£n ship luÃ´n k aÌ£ .,shipping
"Chá»‹ Æ¡i,traÌ€ sÆ°Ìƒa coÌ ship 1 cÃ´Ìc khÃ´ng aÌ£??",shipping
2 cá»‘c ship khÃ´ng áº¡ .,shipping
ship thÃ¬ báº£o e áº­ .,shipping
BÃªn mÃ¬nh ship tá»« máº¥y cá»‘c nhá»‰ .,shipping
"ship vá» NhÃ  sá»‘ 28 , LK 8 , Khu Ä‘Ã´_thá»‹ VÄƒn_PhÃº , HÃ _ÄÃ´ng , HÃ _Ná»™i Ä‘Ãºng khÃ´ng áº¡ chá»‹ Cua_Cang",shipping
b Æ¡i m muá»‘n mua 2 cá»‘c cÃ³ Ä‘c ship k a .,shipping
BÃ¢y giá» shop cÃ³ ship k áº¡ :) .,shipping
TrÃ  sá»¯a cÃ³ ship khÃ´ng áº¡ .,shipping
Bao nhiÃªu ly thÃ¬ ship háº£ báº¡n .,shipping
CÃ³ ship 1 cá»‘c k áº¡ ? .,shipping
Shop Æ¡i giá» cÃ³ ship ra hÃ ng thanh Ä‘Æ°á»£c khÃ´ng áº¡,shipping
2 cá»‘c cÃ³ ship ko áº¡ .,shipping
Mua bao nhiÃªu thÃ¬ ship váº­y áº¡ ? .,shipping
ship  1 cá»‘c trÃ  sá»¯a khÃ´ng áº¡,shipping
cáº£ ship lÃ  bao nhiÃªu shop ?,shipping
PhÃ­ ship bn áº¡ .,shipping
MÃ¬nh muá»‘n há»i ship Ä‘áº¿n ngÃµ 337 cáº§u giáº¥y thÃ¬ bn tiá»n áº¡,shipping
Cho em há»i lÃ  mÃ¬nh cÃ³ ship trÃ  sá»¯a khÃ´ng áº¡?,shipping
Nháº­t_Quang : tháº¿ cho m 1 cÃ¡i há»“ng vÃ  1 cÃ¡i navy . Báº¡n ship cho m nhÃ© . Ib giÃºp m stk Ä‘á»ƒ m ck . Tks,shipping
ship ve day mat bnhieu ak .,shipping
"cho mÃ¬nh 2 cá»‘c matcha nhiá»u trÃ¢n chÃ¢u, khÃ´ng Ä‘Æ°á»ng Ä‘áº¿n tÃ²a Icon4 báº¡n nhÃ© =)) mÃ¬nh Ä‘ang cÃ³ 2 phiáº¿u free upgrade, mÃ¬nh sáº½ Ä‘Æ°a shipper Ä‘Æ°á»£c khÃ´ng, mÃ¬nh upgrade lÃªn size lá»›n luÃ´n",shipping
Cho mk há»i cá»­a hÃ ng bÃªn mk ship 1 há»™p k áº¡ .,shipping
"Nháº­t_Quang chá»‹ láº¥y nhÃ© , ship cÃ¹ng 2 Ä‘Ã´i giÃ y cá»§a chá»‹ luÃ´n",shipping
H quÃ¡n mk cÃ³ ship k áº¡,shipping
shop cÃ³ ship hÃ ng khÃ´ng áº¡ .,shipping
Shop cÃ³ ship khÃ´ng .,shipping
BÃ¢y giá» shop cÃ³ ship khÃ´ng áº¡ :) .,shipping
Vá»«a gá»i ship mÃ  báº£o khÃ´ng cÃ³ ngÆ°á»i báº¯t pháº£i Ä‘á»£i há»i xe Ã´m mÃ  váº«n khÃ´ng tháº¥y gá»i láº¡i báº¡n áº¡ .,shipping
Ad gá»i cho ship láº¡i em vá»›i áº¡ .,shipping
chuyá»ƒn cho e 3 cá»‘c vá» kim bÃ i áº¡ .,shipping
chuyá»ƒn ve tran hung dao nua bao nhieu shop,shipping
BÃªn mÃ¬nh cÃ³ tuyá»ƒn chuyá»ƒner khÃ´ng áº¡? .,shipping
"Nháº­t_Quang nÃ³ khÃ´ng cáº§n pin Ä‘Ãºng khÃ´ng shop , mÃ  tÃ´i muá»‘n mua nhÆ°ng chÆ°a tháº¥y cÃ³ trÃªn web nhá»‰ , Ä‘ang cÃ³ máº¥y cÃ¡i Ä‘Æ¡n Ä‘ang Ä‘á»£i chuyá»ƒn má»™t_thá»ƒ",shipping
h cÃ³ chuyá»ƒn Ä‘c ko báº¡n .,shipping
"cho m 3 cá»‘c ba anh em size M chuyá»ƒn Ä‘áº¿n,address> toÃ  N08B cáº¡nh cv cáº§u giáº¥y, kÄ‘t dá»‹ch vá»ng, Ä‘Æ°á»ng thÃ nh thÃ¡i cáº§u giáº¥y b nhÃ© .",shipping
tháº¿ chuyá»ƒn ra 464 phÃºc diá»…n cÃ³ máº¥t phÃ­ chuyá»ƒn k báº¡n nhá»‰ .,shipping
BÃªn mÃ¬nh cÃ³ ship k áº¡??,shipping
MÃ¬nh muá»‘n mua cÃ¡i nÃ y vÃ  ship vÃ o sÃ i gÃ²n thÃ¬ khoáº£ng bao nhiÃªu tiá»n váº­y shop ?,shipping
"báº¡n Æ¡i ship giÃºp mÃ¬nh 3 trÃ  sá»¯a vá»‹ TrÃ  xanh vá» Ä‘á»‹a chá»‰ 173 Ä‘Ã¬nh thÃ´n , má»¹ Ä‘Ã¬nh vá»›i áº¡ .",shipping
vÃ¬ e gá»i 1 cá»‘c thÃ´i nÃªn TOCO ko nháº­n ship áº¡. e á»Ÿ gáº§n toco thÃ´i nhÆ°ng láº¡i ko ra mua Ä‘c .,shipping
vÃ¢ng mÃ¬nh á»Ÿ gáº§n kangnam cÃ³ Ä‘c free ship khÃ´ng áº¡ .,shipping
"sá»‘ 2 duy_tÃ¢n , cáº§u giáº¥y hÃ _ná»™i áº¡ . Shop ship qua giÃºp em nhÃ© , NhÃ  mÃ¬nh cÃ³ tÃ­nh phÃ­ ship khÃ´ng áº¡",shipping
BÃªn mh nháº­n ship tá»« bn cá»‘c trá»Ÿ lÃªn b? .,shipping
tÆ°á»Ÿng trong 2km free ship mÃ  .,shipping
"mÃ¬nh cÃ²n báº¡n nhÃ© , cho mÃ¬nh sá»‘ Ä‘iá»‡n thoáº¡i vÃ  Ä‘á»‹a_chá»‰ ship nha",shipping
chá»‹ Æ¡i ship cho e 3 cá»‘c trÃ  sá»¯a Ä‘Æ°á»£c k áº¡ .,shipping
QuÃ¡n cÃ³ ship khÃ´ng áº¡ .,shipping
CÃ³ ship 1 cá»‘c sang ngÃµ 898 Ä‘Æ°á»ng lÃ¡ng k áº¡ .,shipping
cho e hoÌ‰i bÃªn miÌ€nh coÌ 2 cÃ´Ìc coÌ ship k aÌ£?,shipping
mÃ  ship tá»« Ä‘ok qa Ä‘Ã¢y lÃ  baonhieu váº­y b? .,shipping
Cáº£ Ä‘á»“ng giÃ¡ 29000 Ã¡p dá»¥ng cho cáº£ khi ship hÃ ng áº¡?,shipping
"Shop Æ¡i,cÃ³ ship hoÃ ng quá»‘c viá»‡t k áº¡ .",shipping
Ad cho mÃ¬nh há»i mÃ¬nh má»›i mua hÃ ng ná»™i_bá»™ chuyá»ƒn_phÃ¡t nhanh tháº¿_thÃ¬ thá»i_gian giao hÃ ng lÃ  bao_lÃ¢u nhá»‰,shipping
"Cho chá»‹ 20 miáº¿ng , khi nÃ o ship hÃ ng chá»‹ Ä‘áº·t thÃ¬ chuyá»ƒn luÃ´n cho chá»‹ nhÃ©",shipping
Em á»Ÿ ná»™i_thÃ nh cÃ³ cáº§n ck ná»‘t khÃ´ng hay shipper Ä‘áº¿n thu ná»‘t tháº¿ chá»‹ Æ¡i ?,shipping
"B Æ¡i ship cho mÃ¬nh 3 cá»‘c: 1 toco socola,1 trÃ  sá»¯a cÃ  phÃª, 1 macchiato socola .",shipping
Cho mÃ¬nh há»i ship vÃµng thá»‹ - tÃ¢y há»“ bn ah .,shipping
máº¥y cá»‘c thÃ¬ má»›i ship ak?chÃ¨ cÃ³ Ä‘á»“ng gÃ­ 28k ko ad .,shipping
"MÃ¬nh á»Ÿ ÄÃ _Náºµng muá»‘n mua em nÃ y , giao hÃ ng nhÆ°_tháº¿_nÃ o",shipping
"0975263290 , ship Ä‘áº¿n ngÃµ 394 Ä‘á»™i cáº¥n giÃºp em vá»›i áº¡",shipping
"Qua nhÃ© , vÃ¬ khÃ´ng cÃ³ ngÆ°á»i ship sá»¯a hixx , bÃªn Cáº§u Giáº¥y thÃ¬ cÃ³ chÃº xe_Ã´m quen , bÃªn KhÃ¢m_ThiÃªn chÆ°a cÃ³ ai cáº£ .",shipping
ship luÃ´n cho mjh dk k a .,shipping
cho em xin sá»‘ Ä‘iá»‡n thoáº¡i Ä‘á»ƒ Ä‘áº·t ship Ä‘Æ°á»£c khÃ´ng áº¡ .,shipping
Tháº¿ 2 cá»‘c cÃ³ ship k .,shipping
BÃªn mÃ¬nh cÃ³ nháº­n ship khÃ´ng .,shipping
BÃªn mjk cÃ³ ship hÃ ng k váº­y .,shipping
Ui 3 cá»‘c ms ship Ã  .,shipping
"Báº¡n Æ¡i , lÃºc nÃ£y mÃ¬nh gá»i sá»‘ Ä‘iá»‡n_thoáº¡i 0987878910 , mÃ¬nh láº¥y máº·t 33 mm báº¡n nhÃ© . Mai báº¡n ship cho mÃ¬nh qua TÃ²a TNR - 54A Nguyá»…n_ChÃ­_Thanh , Äá»‘ng_Äa , HÃ _Ná»™i vá»›i báº¡n nhÃ© . Cáº£m_Æ¡n báº¡n .",shipping
": D giÃ¡ nhiÃªu váº­y ad , : D cÃ³ ship nhÃ  phá»¥_kiá»‡n k : D em báº£o Ä‘áº§u cÃ¡_thu áº¥y",shipping
K cÃ²n Ä‘á»“ng giÃ¡ Ã  tháº¿ k ship 1 háº£ báº¡n,shipping
sgip Ä‘áº¿n sá»‘ 6 c2 lÃ ng quá»‘c táº¿ thÄƒng long nha báº¡n .,shipping
Báº¡n ship cho mÃ¬nh 5 cá»‘c trÃ  sá»¯a báº¡c hÃ  size lá»›n add topping chÃ¢n trÃ¢u sá»£i+ tháº¡ch cafe .,shipping
Shop Æ¡i check Ä‘Æ¡n giÃºp em vá»›i áº¡ . Náº¿u cÃ³ ship luÃ´n cho em vá»›i . Gáº¥p láº¯m r áº¡ ğŸ˜‚ğŸ˜‚ğŸ˜‚,shipping
BÃªn mih cÃ³ thá»ƒ ship 2 cá»‘c dc k .,shipping
Mua bao nhiÃªu cá»‘c thÃ¬ bÃªn e fs .,shipping
ship cho mk 100 cá»‘c .,shipping
"sá»‘ 3 cÃ³ khÃ´ng em Æ¡i , ship chá»‹ 1 thá»i vá»›i nhÃ©",shipping
mÃ¬nh Ä‘áº·t mua á»Ÿ Ä‘Ã¢u hay ship váº­y,shipping
toco nháº­n ship tá»« máº¥y cá»‘c váº­y áº¡,shipping
Shop ship vá» thÃ´n k áº¡ .,shipping
MÃ¬nh á»Ÿ Thá»§_Äá»©c - SÃ i_GÃ²n : ship xuá»‘ng thÃ¬ bao_nhiÃªu ?,shipping
Mua bn thÃ¬ ship váº­y áº¡ ? .,shipping
"b Æ¡i, bÃªn cá»­a hÃ ng cÃ³ ship hÃ ng pháº£i ko áº¡ .",shipping
"Shop ship giÃºp m sang 21 CÃ¡t_Linh nhÃ© , m sáº½ inbox sÄ‘t",shipping
"ship cho mÃ¬nh  1 bluberry smoothie, 1 matcha latte, 1 mojito passion fruit, 2 hot chocolate toffee almond, 2 cÃ  phÃª sá»¯a nÃ³ng Ä‘áº¿n 82 duy tÃ¢n nhÃ©",shipping
Cho chá»‹ sá»‘ Ä‘iá»‡n thoáº¡i ship nha Lien_Xixa,shipping
Co ship k áº¡ .,shipping
ship tráº§n duy_hÆ°ng bao nhiÃªu áº¡ ?,shipping
mÃ  e cáº§n ng ship há»™ .,shipping
mÃ¬nh tráº£ phÃ­ ship Ä‘c mÃ  .,shipping
1 cá»‘c cÃ³ ship khÃ´ng áº¡ .,shipping
Em vá»«a gá»i báº£o chá»‰ ship trÃªn 3 há»™p .,shipping
Alo cá»­a hÃ ng cÃ³ nháº­n ship kk áº¡?.,shipping
Mai em ship luÃ´n chá»‹ nhÃ© . KhÃ´ng sau láº¡i sÃ³t máº¥t áº¡,shipping
Thá»© 5 ship cho chá»‹ 1 bÃ© 1 to nhÃ© . Tráº£ tiá»n cho shipper Ä‘Æ°á»£c khÃ´ng hay pháº£i chuyá»ƒn tiá»n ?,shipping
BÃªn mÃ¬nh cÃ³ ship khÃ´ng áº¡??,shipping
NhÃ  cÃ²n ship hÃ ng k áº¡,shipping
Báº¡n Ä‘Ã¡nh vÃ o gool bakingsoda sáº½ cÃ³ Ä‘á»‹a chie mua vÃ  giao hÃ ng Ä‘Ã³,shipping
phÃ­ ship vÃ o trong báº¡n lÃºc nháº­n hÃ ng báº¡n thanh_toÃ¡n vá»›i bÃªn giao hÃ ng báº¡n nhÃ©,shipping
Em á»Ÿ cÃ¡ch Ä‘Ã¢y 1km cÃ³ ship k áº¡ .,shipping
inbox sÄ‘t vá»›i Ä‘á»‹a_chá»‰ ship cho mÃ¬nh nhÃ©,shipping
Cho mÃ¬nh há»i cá»­a hÃ ng bÃªn mÃ¬nh ship 1 há»™p khÃ´ng áº¡ .,shipping
Tháº¿ lÃ  khÃ´ng ship áº¡:(( .,shipping
ship cho e 3 cá»‘c sang chÃ¢n cáº§u vÆ°á»£t .,shipping
Báº¡n á»Ÿ Ä‘Ã¢u cÃ³ ship á»Ÿ hÆ°ng yÃªn khÃ´ng báº¡n,shipping
báº¡n Æ¡i nhÃ  mÃ¬nh cÃ³ ship ko nhá»‰? .,shipping
"báº¡n chuyá»ƒn kháº£n nhÃ©, tá»› khÃ´ng cod",shipping
Báº¡n Æ¡i chÆ°a ship cho mÃ¬nh ah,shipping
Báº¡n Æ¡i mÃ¬nh ship máº¥y cá»‘c trÃ  sá»¯a trá»Ÿ lÃªn áº¡ .,shipping
"cÃ³ ship khÃ´ng báº¡n Æ¡i , mÃ¬nh muá»‘n láº¥y 160",shipping
Máº¥y cá»‘c thÃ¬ ship b Æ¡i .,shipping
Tiá»n ship bao nhiÃªu tiá»n áº¡? .,shipping
Macchiato co ship k a .,shipping
"CÃ¡i nÃ y náº¿u cÃ²n ship cho cÃ´ 01 chiáº¿c nhÃ© shop . Sá»‘ Ä‘iá»‡n_thoáº¡i cá»§a cÃ´ lÃ  0961667496 . CÃ´ cáº£m_Æ¡n shop , Ä‘á»‹a_chá»‰ cÃ´ gá»­i inbox chÃ¡u nhÃ©",shipping
báº¡n Æ¡i mÃ¬nh mua 1 cá»‘c cÃ³ ship sang 261 cáº§u giáº¥y k áº¡,shipping
Shop ship Ä‘áº¿n cá»• nhuáº¿ tá»« liÃªm háº¿t bnhiu áº¡ .,shipping
giá» cÃ³ ship Ä‘Æ°á»£c khÃ´ng báº¡n .,shipping
Váº­y tÃ­nh tiá»n ship khÃ´ng áº¡ .,shipping
TÃ´i cÃ²n nhÃ© . Báº¡n cho tÃ´i Ä‘á»‹a_chá»‰ vá»›i sá»‘ Ä‘iá»‡n thoáº¡i ship hÃ ng báº¡n nha,shipping
Cho e há»i bn cá»‘c trÃ  sá»¯a thÃ¬ ship áº¡,shipping
CÃ³ ship ko áº¡ .,shipping
cho mÃ¬nh 1 set mÃ u_da 1 set mÃ u Ä‘en ship vÃ o SÃ i GÃ²n nhÃ©,shipping
"Báº¡n Æ¡i, quÃ¡n cÃ³ ship trÃ  sá»¯a k áº¡? .",shipping
Em cÃ³ voucher thÃ¬ khÃ´ng Ã¡p dá»¥ng cho Ä‘Æ¡n ship áº¡,shipping
cho mÃ¬nh há»i bÃªn báº¡n ship tá»« máº¥y cá»‘c áº¡ .,shipping
Wan mÃ¬nh may cá»‘c thÃ¬ sip,shipping
CÃ³ ship ko ad .,shipping
Tháº¿ bÃ¢y giá» ship Ä‘Æ°á»£c luÃ´n khÃ´ng áº¡ .,shipping
Báº¡n Æ¡i 2 cá»‘c cÃ³ ship ko áº¡,shipping
Ca ship kilo la bao nhieu ha ban .,shipping
Mih sáº½ chá»‹u tiá»n ship .,shipping
MÃ¬nh nháº­n ship 2 ly k áº¡ .,shipping
"Ad Æ¡i cÃ³ ship ko v? Cho m 1 takoyaki , 1 há»“ng trÃ  kem dá»«a , trÃ  xanh thÃªm trÃ¢n chÃ¢u sá»£i .",shipping
S Æ¡i ship qua ngÃµ 90 Hoa Báº±ng cÃ³ freeship k? .,shipping
TrÃ  cÃ³ ct KM ntn váº­y ad?. CÃ³ ship lÃªn Ba VÃ¬ k váº­y áº¡? .,shipping
Em á»Ÿ 269 cáº§u giáº¥y cÃ³ máº¥t ship ko áº¡ .,shipping
giá» quÃ¡n mÃ¬nh cÃ³ ship khÃ´ng áº¡,shipping
"vÃ¢ng áº¡ .mua 2 cá»‘c cÃ³ Ä‘c freeship vÃª nguyá»…n khÃ¡nh toÃ n ,cáº§u giáº¥y ko áº¡ .",shipping
CÃ³ free ship k áº¡ .,shipping
Báº¡n Æ¡i báº¡n cÃ³ ship bÃ¢y giá» Ä‘Æ°á»£c khÃ´ng áº¡ .,shipping
Bt m ship 3 cá»‘c cÃ³ sao Ä‘Ã¢u .,shipping
Mk mua nhÃ¬u . Ship qua TTTM The garden báº¡n cÃ³ free ship k áº¡ .,shipping
báº¡n Æ¡i ship Ä‘áº¿n cá»• nhuáº¿ bao nhiÃªu áº¡ .,shipping
tháº¿ máº¥y cá»‘c cá»­a hÃ ng báº¡n ship .,shipping
Cáº§n ship .,shipping
bÃªn mÃ¬nh cÃ³ nháº­n ship trÃ  sá»¯a khÃ´ng áº¡,shipping
CÃ²n ship khÃ´ng áº¡ .,shipping
CoÌ€n free ship 2km khÃ´q aÌ£ .,shipping
BÃ¢y giá» cÃ²n ship khÃ´ng toco .,shipping
bÃªn mÃ¬nh cÃ²n ship hÃ ng giá» nÃ y ko b nhá»‰ :( .,shipping
"Amazon ship and sold thá»‹ quÃ¡ ok em áº¡ , nhÆ°ng náº¿u chá»‰ ghi lÃ  Fullfilled by Amazon thÃ¬ khÃ´ng yÃªn_tÃ¢m em Æ¡i . LÃª_Bi",shipping
"Ok , váº­y ship Ã¡o kia cho mÃ¬nh",shipping
HÃ´m ná» chá»‹ nháº¯n ship 3 há»™p trÃ  xanh nhÆ°ng chÆ°a tháº¥y . HÃ ng cÃ³ sáºµn khÃ´ng shop ?,shipping
chÆ°a nhung mÃ¬nh muá»‘n ship 1 trÃ  sá»¯a Ä‘c k a .,shipping
CoÌ nháº­n ship khÃ´ng aÌ£ .,shipping
BÃªn mÃ¬nh cÃ³ thá»ƒ ship 2 cá»‘c Ä‘Æ°á»£c khÃ´ng.,shipping
1 cá»‘c cÃ³ ship k b .,shipping
ad hÃ´m nay cÃ³ ship hÃ ng ko áº¡? .,shipping
Mua bao nhiÃªu cá»‘c thÃ¬ bÃªn em freeship .,shipping
1 cÃ´Ìc coÌ ship khÃ´ng aÌ£ .,shipping
Em muá»‘n Ä‘áº·t trÆ°á»›c Ä‘á»ƒ mai ship Ä‘Æ°á»£c khÃ´ng áº¡,shipping
Z lÃ  1c ko ship áº¡ .,shipping
náº¿u ship Ä‘áº¿n ct9 Ä‘á»‹nh cÃ´ng bao nhiÃªu áº¡ ? .,shipping
Em muá»‘n Ä‘áº·t trÃ  sá»¯a bÃªn mÃ¬n cÃ³ ship k .,shipping
Em cho chá»‹ sá»‘ Ä‘iá»‡n thoáº¡i vÃ  Ä‘á»‹a_chá»‰ ship luÃ´n nhÃ©,shipping
Cho e há»i mua 1 cá»‘c cÃ³ ship k áº¡ ? .,shipping
BÃªn mÃ¬nh giá» nÃ y cÃ³ ship ná»¯a khÃ´ng áº¡? .,shipping
ad Æ¡i chÃ¨ cÃ³ ship Ä‘c ko áº¡p,shipping
"anh chá»‹ ship giÃºp em 2 cá»‘c trÃ  sá»¯a chÃ¢n trÃ¢u tá»›i 647b kim mÃ£, ngay Ä‘á»‘i diá»‡n cÃ´ng viÃªn thá»§ lá»‡ Ä‘Æ°á»£c khÃ´ng áº¡ .",shipping
Cho chá»‹ 1 cÃ¡i nhÃ©.Äá»£i hÃ ng cá»§a chá»‹ vá» thÃ¬ ship cÃ¹ng nhÃ©,shipping
"shop giá»¥c há»™ mÃ¬nh shipper nhÃ© , sáº¯p tan lÃ m chÆ°a tháº¥y Ã­_á»›i gÃ¬ cáº£",shipping
CÃ³ ship 2 suáº¥t takoyaki khÃ´ng áº¡? .,shipping
ship cho chá»‹ 2 cá»‘c trÃ  sá»¯a size L cÃ³ trÃ¢n chÃ¢u .,shipping
báº¡n cÃ³ ship 1 cá»‘c khÃ´ng,shipping
BÃ¢y giá» cÃ³ ship toco k áº¡ .,shipping
"Nho giu rieng cho bon minh nhe . Lan truoc order 5 set dau goi co san , the ma luc gom ship voi hang order lai thieu mat 2 set vi het_hang",shipping
Báº¡n ship cho mik 1 trÃ  sá»¯a panda 1 trÃ  sá»¯a socola 1 trÃ  sá»¯a hokaido cá»¡ M háº¿t áº¡ cÃ³ chÃ¢n trÃ¢u áº¡ .,shipping
Freeship Ä‘áº¿n Ä‘áº¡i há»c ngoáº¡i thÆ°Æ¡ng pháº£i khÃ´ng áº¡? .,shipping
cho e há»i cÃ³ ship ra tÃ²a nhÃ  No7-b2 .,shipping
BÃªn m cÃ³ ship Ä‘á»“ k nhi .,shipping
1 cá»‘c tráº£ phÃ­ cÅ©ng khÃ´ng ship Ã  .,shipping
TrÃ  cÃ³ chÆ°Æ¡ng trÃ¬nh khuyáº¿n máº¡i nhÆ° tháº¿ nÃ o váº­y admin?. CÃ³ ship lÃªn Ba VÃ¬ khÃ´ng váº­y áº¡? .,shipping
Dáº¡ cho em hoit cÃ³ ship ts Ä‘áº¿n cá»• nhuáº¿ thÃ¬ bn áº¡ .,shipping
báº¡n Æ¡i ship cho mÃ¬nh 2 cá»‘c qua Ä‘á»‹a chá»‰ sá»‘ 6/ ngÃ¡ch 1194/136 ngÃµ 1194 Ä‘Æ°á»ng lÃ¡ng vá»›i .,shipping
Shop khÃ´ng ship COD ngoÃ i HÃ  Ná»™i áº¡ Äá»—_Äá»—_ThÃºy_ThÃºy,shipping
BÃ¢y giá» ship luÃ´n Ä‘Æ°á»£c khÃ´ng báº¡n .,shipping
báº¡n Æ¡i mÃ¬nh muá»‘n mua 2 cá»‘c Ä‘áº¿n  tÃ²a icon4 ngay cáº¡nh Ä‘h giao thÃ´ng cÃ³ ship Ä‘Æ°á»£c k áº¡ .,shipping
Báº¡n Æ¡i cho mÃ¬nh há»i bÃ¢y giá» Toco cÃ³ ship hÃ ng ko áº¡,shipping
Shop ship cho em cÃ¡i nÃ y size M nhÃ©,shipping
ok báº¡n.sÃ¡ng mai tá»› ship cho báº¡n,shipping
"TÃ´i Ä‘áº·t vÃ i cÃ¡i , tháº¿_ká»‰ sau chuyá»ƒn hÃ ng nhÃ©",shipping
shop Æ¡i ship thÃªm cho em 1 set Ä‘en ná»¯a,shipping
CÃ³ ship cÃ´ng viÃªn hÃ²a bÃ¬nh k áº¡ .,shipping
LÃ m cho tá»› 1 trÃ  sá»¯a dÃ¢u tÃ¢y sz m thÃªm trÃ¢n chÃ¢u ship giÃºp t tá»›i sá»‘ 35 ngÃµ 1194 Ä‘Æ°á»ng lÃ¡ng dkd k áº¡ .,shipping
BÃªn mÃ¬nh cÃ³ tuyá»ƒn shiper k áº¡? .,shipping
"CÃ¡i nÃ y tiá»‡n_dá»¥ng , nhÃ  em cÅ©ng toÃ n hÃºt chÃ¢n khÃ´ng Ä‘á»ƒ cáº¥t . Shop cÃ³ thÃ¬ em Ä‘Äƒng_kÃ­ vÃ i cÃ¡i nhÃ© , ship thuá»‘c_nhuá»™m tÃ³c thÃ¬ ship cho em luÃ´n vá»›i nhÃ© !",shipping
Cáº£ ship vÃ  láº¯p_Ä‘áº·t lÃ  bao_nhiÃªu háº£ báº¡n,shipping
MÃ¬nh nháº­n ship 2 ly khÃ´ng áº¡ .,shipping
báº¡n Æ¡i bÃ¢y giá» bÃªn báº¡n cÃ²n nháº­n ship khÃ´ng,shipping
30phÃºt ná»¯a ship Ä‘áº¿n nÆ¡i cho mÃ¬nh nhÃ© .,shipping
báº¡n Æ¡i bh quan ship dc zay a .,shipping
Báº¡n gá»i há»™ anh ship mamg há»™ tá»› lÃªn táº§ng 7 nhÃ©,shipping
"ship Ä‘áº¿n toÃ  N08B cáº¡nh cv cáº§u giáº¥y, kÄ‘t dá»‹ch vá»ng, Ä‘Æ°á»ng thÃ nh thÃ¡i cáº§u giáº¥y b nhÃ© .",shipping
Sá»£ muá»™n bÃªn b ko ship .,shipping
2 cá»‘c bÃªn em cÃ³ ship khÃ´ng?,shipping
Báº¡n ship cho mÃ¬nh 1 trÃ  sá»¯a panda 1 trÃ  sá»¯a socola 1 trÃ  sá»¯a hokaido cá»¡ M háº¿t áº¡ cÃ³ trÃ¢n chÃ¢u áº¡ .,shipping
"Mih muon mua cai 10 , 5kg ship hag k vay",shipping
0902073888. 0902073888 . TrÆ°á»ng THCS GiÃ¡p_BÃ¡t . NgÃµ 19 phá»‘ Kim_Äá»“ng . Báº¡n nhá» ship giÃºp mÃ¬nh vÃ o thá»© 2 vÃ  thá»© 3 tuáº§n tá»›i nhÃ© ... Thá»© 4 lÃ  bá»n mÃ¬nh nghá»‰ rÃ¹i,shipping
cÃ³ báº¡n báº£o 4h30 ship cho mÃ¬nh .,shipping
Toco cÃ³ nháº­n ship k áº¡,shipping
cÃ³ ship 4 cá»‘c khÃ´ng admin Æ¡i .,shipping
Vá»›i ship miá»…n phÃ­ Ä‘Ãºng khÃ´ng áº¡ .,shipping
Ä‘áº¿n cá»•ng truong Ä‘h sp hÃ  noi máº¥t phi ship k áº¡ .,shipping
Bn cá»‘c thÃ¬ nháº­n ship áº¡ .,shipping
Em á»Ÿ ngay 1194 Ä‘Æ°á»ng lÃ¡ng... em mua 1 cá»‘c cÃ³ ship khÃ´ng áº¡... em Ä‘ang trÃ´ng cá»§a hÃ ng khÃ´ng Ä‘i Ä‘Æ°á»£c .,shipping
báº¡n Æ¡i mÃ¬nh mua 1 cá»‘c cÃ³ ship sang 261 cáº§u giáº¥y khÃ´ng áº¡,shipping
"cho mÃ¬nh 2 cá»‘c matcha nhiá»u trÃ¢n chÃ¢u, khÃ´ng Ä‘Æ°á»ng Ä‘áº¿n tÃ²a Icon4 báº¡n nhÃ© =)) mÃ¬nh Ä‘ang cÃ³ 2 phiáº¿u free upgrade, mÃ¬nh sáº½ Ä‘Æ°a shipper Ä‘Æ°á»£c khÃ´ng, mÃ¬nh upgrade lÃªn sz lá»›n luÃ´n",shipping
"Báº¡n Æ¡i ship cho mÃ¬nh 3 cá»‘c: 1 toco socola,1 trÃ  sá»¯a cÃ  phÃª, 1 macchiato socola .",shipping
"Báº¡n Æ¡i, cÃ³ pháº£i mua 3 Ä‘c ship Ä‘Ãºng ko áº¡ .",shipping
Cá»­a hÃ ng cÃ³ ship khÃ´ng váº­y,shipping
"Tháº¿ ship cho e 1 trÃ  sá»¯a cafe, 1 toco scl thÃªm trÃ¢n chÃ¢u, matchiato scl. .",shipping
bÃªn báº¡n cÃ³ ship hÃ ng khÃ´ng báº¡n .,shipping
BÃ¡o ship cháº¯c khÃ´ng Ä‘Æ°á»£c voucher .,shipping
báº¡n Æ¡i mÃ¬nh mua 1 cá»‘c cÃ³ ship sang  261 cáº§u giáº¥y k áº¡ .,shipping
hÃ ng cÃ³ sáºµn thÃ¬ qua shop mua Ä‘Æ°á»£c khÃ´ng hay váº«n cáº§n chuyá»ƒn khoáº£n vÃ  chá» ship tháº¿ áº¡ ?,shipping
Sá»‘ 10 ChÃ¹a LÃ¡ng cÃ³ Ä‘c free ship ko áº¡? .,shipping
Báº¡n Æ¡i ship cho mÃ¬nh 1 trÃ  sá»¯a báº¡c hÃ  size M nhiá»u trÃ¢n chÃ¢u nha .,shipping
Em muá»‘n Ä‘áº·t ship áº¡,shipping
mÃ¬nh muá»‘n ship 2cá»‘c qua chÃ¹a lÃ¡ng .,shipping
bÃªn báº¡n cÃ³ ship hÃ ng bÃ¢y giá» khÃ´ng áº¡ .,shipping
BÃªn mk cÃ³ giá»›i háº¡n sá»‘ lÆ°á»£ng ms ship k áº¡,shipping
BÃªn mÃ¬nh cÃ³ ship khÃ´ng áº¡ ?,shipping
cÃ¡i nÃ y ship vá» vn bao nhiÃªu háº£ shop ?,shipping
Shop cÃ³ ship khÃ´ng áº¡,shipping
B ship chÆ°a ag .,shipping
"CÃ³ ship khÃ´ng bÃ¡c Æ¡i , mÃ¬nh á»Ÿ HÃ  Ná»™i",shipping
Toco Æ¡i ship cho em Ä‘Æ¡n nÃ y áº¡ ^^ .,shipping
CÃ³ máº¥t ship k áº¡ .,shipping
"Báº¡n Æ¡i, quÃ¡n cÃ³ ship trÃ  sá»¯a khÃ´ng áº¡? .",shipping
bÃªn mÃ¬nh cÃ³ ship khÃ´ng áº¡? .,shipping
HÃ ng cÃ³ sáºµn báº¡n inbox sá»‘ Ä‘iá»‡n thoáº¡i vÃ  Ä‘á»‹a_chá»‰ nháº­n hÃ ng tÃ´i ship hÃ ng nhÃ©,shipping
BÃªn mÃ¬nh nháº­n ship tá»« máº¥y cá»‘c váº­y áº¡ .,shipping
ship cho mÃ¬nh 1 trÃ  sá»¯a báº¡c size L hÃ  Äáº¿n bá»‡nh Viá»‡n phá»¥ sáº£n HÃ  Ná»™i.  SÄT : 0976555629 .,shipping
BÃªn báº¡n cÃ³ ship hÃ ng khÃ´ng váº­y,shipping
ship cho mÃ¬nh luÃ´n vá»›i b,shipping
ship Cáº§u Diá»…n bao nhiÃªu áº¡ ? .,shipping
báº¡n Æ¡i bg bÃªn báº¡n cÃ²n nháº­n ship ko,shipping
"Báº¡n Æ¡i, cÃ³ pháº£i mua 3 Ä‘Æ°á»£c ship Ä‘Ãºng khÃ´ng áº¡ .",shipping
"Alo, bÃªn b cÃ³ ship trÃ  sá»¯a k áº¡ ? .",shipping
Free ship ná»™i thÃ nh khÃ´ng áº¡ .,shipping
Mua 2 cÃ´Ìc coÌ ship khÃ´ng aÌ£ .,shipping
CÃ³ ship k áº¡ .,shipping
cho em 3hÃ´Ì€ng traÌ€ nheÌ!tÃ´Ì‰ng 3hÃ´Ì€ng traÌ€ laÌ€ bao nhiÃªu aÌ£?coÌ ship khÃ´ng aÌ£? .,shipping
Admin Æ¡i cÃ³ ship 2 cá»‘c khÃ´ng áº¡ .,shipping
Báº¡n Æ¡i giá» cÃ³ ship toco khÃ´ng .,shipping
Báº¡n Æ¡i giá» bÃªn báº¡n ship Ä‘Æ°á»£c khÃ´ng .,shipping
báº¡n Æ¡i mÃ¬nh muá»‘n mua 2 cá»‘c Ä‘áº¿n<address tÃ²a icon4 ngay cáº¡nh Ä‘áº¡i há»c giao thÃ´ng cÃ³ ship Ä‘Æ°á»£c khÃ´ng áº¡ .,shipping
HÃ´m trÆ°á»›c inbox khÃ´ng tháº¥y shop tráº£_lá»i . Mai ship tá»› 3 há»™p nhÃ© . Hoa á»Ÿ LÃª Ä‘á»©c thá» áº¥y .,shipping
MÃ¬nh láº¥y 2 seÌt cÃ³ Ä‘Æ°á»£c freeship khÃ´ng shop ?,shipping
cho em há»i cÃ³ ship ra tÃ²a nhÃ  No7-b2 .,shipping
cho mÃ¬nh há»i bÃªn báº¡n nháº­n ship máº¥y cá»‘c áº¡? .,shipping
"55 inh ma 8 , 400 , 00d thoi ah tháº¿ cÃ³ ship hÃ ng xa ko",shipping
2 cá»‘c ship k áº¡ .,shipping
free ship Ä‘Ãºng khÃ´ng áº¡ .,shipping
K ship ah b .,shipping
QuÃ¡n cÃ³ ship k áº¡ .,shipping
"Alo, bÃªn báº¡n cÃ³ ship trÃ  sá»¯a khÃ´ng áº¡ ? .",shipping
Toco cÃ³ tÃ­nh phÃ­ ship táº¡i Pháº¡m vÄƒn Ä‘á»“ng khÃ´ng áº¡? .,shipping
giao hÃ ng vÃ o tráº§n bÃ¬nh bao nhiÃªu áº¡,shipping
CÃ³ giao hÃ ng 3 cá»‘c ko áº¡?,shipping
Báº¡n nháº¯n tÃ´i Ä‘á»‹a_chá»‰ giao hÃ ng nhÃ©,shipping
Báº¡n Æ¡i giá» cÃ³ giao hÃ ng ná»¯a khÃ´ng .,shipping
tocotoco cÃ³ freegiao hÃ ng k báº¡n .,shipping
Cho mÃ¬nh há»i phÃ­ giao hÃ ng á»Ÿ Ä‘áº¥y lÃ  bao tiá»n áº¡ .,shipping
báº¡n Æ¡i mÃ¬nh á»Ÿ keangnam landmark thÃ¬ cÃ³ free giao hÃ ng ko? .,shipping
NhÃ  cÃ²n giao hÃ ng hÃ ng khÃ´ng áº¡,shipping
Ben m bjo cÃ³ giao toco qua 181 xuÃ¢n thuá»· ko áº¡ ? .,shipping
MÃ  mua tá»« máº¥y cá»‘c thÃ¬ nháº­n giao ak .,shipping
cho mÃ¬nh 1 set mÃ u_da/ 1 set mÃ u Ä‘en giao vÃ o SG nhÃ©,shipping
"1 cá»‘c cÃ³ giao khÃ´ng áº¡ mÃ¬nh á»Ÿ sá»‘ 1, ngÃ¡ch 255/50 Cáº§u giáº¥y .",shipping
nháº­n giao k báº¡n Æ¡i .,shipping
giao cho mÃ¬nh 2 latte Ä‘Ã¡ Ä‘áº¿n 16 trÆ°á»ng chinh hÃ  ná»™i,shipping
nhÆ°ng mÃ  1 cá»‘c emuoosn ship chá»— khÃ¡c Ä‘c ko áº¡ .,shipping
Báº¡n Æ¡i 1 cá»‘c cÃ³ ship khÃ´ng áº¡ ? .,shipping
"C Æ¡i,traÌ€ sÆ°Ìƒa coÌ ship 1 cÃ´Ìc k aÌ£??",shipping
BÃªn b ship ra 88 vÃµ chÃ­ cÃ´ng cho mÃ¬nh .,shipping
cho m sdt vÃ  Ä‘á»‹a_chá»‰ m ship hÃ ng nhÃ©,shipping
nan,shipping
MÃ¬nh á»Ÿ xa muá»‘n mua gá»­i vá» nhÃ  thÃ¬ lÃ m_sao Ä‘á»ƒ ll Ä‘áº¡t hÃ ng ship vá» táº­n nhÃ  váº­y,shipping
bÃ¢y giá» anh cÃ³ ship khÃ´ng áº¡ .,shipping
minh khong mua nua nhe,cancel_order
"sorry, mÃ¬nh mua rá»“i",cancel_order
toi muon huy don hang,cancel_order
"Ä‘á»£i lÃ¢u quÃ¡ shop khÃ´ng tráº£ lá»i, mÃ¬nh mua máº¥t rá»“i",cancel_order
"bá» qua Ä‘Æ¡n hÃ ng cho mÃ¬nh nhÃ©, ko mua ná»¯a",cancel_order
"minhf khoong mua nuwax ddaau, cho minhf huyr",cancel_order
há»§y Ä‘Æ¡n,cancel_order
cho tÃ´i há»§y hÃ³a Ä‘Æ¡n,cancel_order
bor qua ddown hangf cho minhf nhes,cancel_order
tÃ´i muá»‘n há»§y Ä‘Æ¡n,cancel_order
"ok, cho tÃ´i há»§y Ä‘Æ¡n hÃ ng",cancel_order
cho mÃ¬nh cancel order nhÃ©,cancel_order
I wanna cancel this order,cancel_order
há»§y,cancel_order
xÃ³a Ä‘Æ¡n hÃ ng,cancel_order
mÃ¬nh há»§y cafÃ© nhÃ©,cancel_order
m ko cáº§n trÃ  sá»¯a ná»¯a,cancel_order
cancel nhÃ©,cancel_order
bá» espreso ra nhÃ©,cancel_order
"thÃ´i giá» t cÃ³ viá»‡c pháº£i Ä‘i rá»“i, nÃªn há»§y ko mua ná»¯a, mai sáº½ order cafÃ© sau",cancel_order
" ad Æ¡i, t muá»‘n bá» 2 machito socola size m .",cancel_order
" ok bá» 3 toco panda, large size .",cancel_order
Cho mÃ¬nh Ä‘áº·t 1 chiáº¿c mÃ u xanh navy size XL nhÃ©,cancel_order
"2 cá»‘c ko free ship thÃ¬ há»§y giÃºp m Ä‘Æ¡n hÃ ng váº­y, lÃºc nÃ o m order sau",cancel_order
ko cÃ³ size L thÃ¬ thÃ´i,cancel_order
sinh nháº­t ko Ä‘Æ°á»£c giáº£m thÃ¬ há»§y giÃºp t,cancel_order
KhÃ´ng Ä‘Æ°á»£c,deny_reject
no no no,deny_reject
khÃ´ng Ä‘c Ä‘Ã¢u,deny_reject
KhÃ´ng áº¡,deny_reject
ko Ä‘Ãºng,deny_reject
Ko. Ã mÃ¬nh lÃ  mÃ¬nh sá»­ dá»¥ng code Ä‘á»ƒ mua thÃ¬ cÃ³ Ä‘Æ°á»£c tick Ä‘iá»ƒm vÃ o tháº» ko áº¡,deny_reject
khÃ´ng pháº£i rá»“i,deny_reject
" ko Ä‘Ã¢u, lÃ  5 cá»‘c size M nhÃ© .",deny_reject
m ko thÃ­ch cÃ¡i áº¥y,deny_reject
"Ä‘á»«ng shiip giá» áº¥y, sau 8h Ä‘i",deny_reject
"ko, ship trÃ¡nh giá» hc ra nhÃ©",deny_reject
"hic, Ä‘á»«ng Ä‘á»ƒ mai, ship ngay hn Ä‘i",deny_reject
"Ko, Toco  giao hÃ ng ngay bÃ¢y giá» Ä‘i áº¡.",deny_reject
Em Ä‘áº·t size M 2 Ã¡o xanh cÃ²n láº¡i Ä‘Æ°á»£c khÃ´ng chá»‹ . Em ko  vá»«a size L Ä‘Ã¢u vÃ  ship luÃ´n trong ngÃ y nhÃ© . Äá»‹a_chá»‰ : 21 hÃ ng thiáº¿c . Sá»‘ Ä‘iá»‡n thoáº¡i : 01666775552,deny_reject
"ko, e order quan rieng co dc k ? Mau Ä‘en size M. giÃºp em Ä‘i",deny_reject
"chÆ°a xong Ä‘Ã¢u, cho thÃªm 1 matcha latte size m",deny_reject
"MÃ¬nh order 1 caramen macchiato vÃ  1 mocha Ä‘Ã¡ size s cÆ¡, ad update láº¡i giÃºp",deny_reject
" Táº¥t cáº£ Ä‘á»u size M nhÃ©, chá»© o pháº£i L Ä‘Ã¢u",deny_reject
"ko, mÃ¬nh ko Ä‘Äƒt mojito chanh dÃ¢y ná»¯a",deny_reject
"t ko Ä‘áº·t nÃ³ mÃ , sao láº¡i cho vÃ o Ä‘Æ¡n hÃ ng",deny_reject
tiáº¿c tháº¿,deny_reject
M há»i thÃ´i chá»© Ä‘au cÃ³ mua 1 sinh tá»‘ viá»‡t quáº¥t size regular,deny_reject
E Ä‘k bá»™ vÃ ng máº«u máº·c cÆ¡ mÃ  ,deny_reject
ok,agree
dáº¡ vÃ¢ng,agree
vaÃ¢ng,agree
vÃ¢ng ok ah,agree
Ä‘á»“ ngon ,agree
"uh, ship cho mÃ¬nh luÃ´n thÃ¬ tá»‘t",agree
"uh, ship ra Cáº§u Diá»…n bao nhiÃªu Ã½ .",agree
"okie, thÃ´ng tin tháº¿ chÃ­nh xÃ¡c rá»“i",agree
Ä‘Ãºng lÃ  5 cá»‘c size M nhÃ© .,agree
"á»«, m sáº½ láº¥y 03 Grey size L nhÃ© . MÃ¬nh Ä‘ang chá»n thÃªm cÃ¡i khÃ¡c ná»¯a . Sáº½ chuyá»ƒn ná»­a tiá»n luÃ´n .",agree
cuá»‘i tuáº§n cÅ©ng ko sao,agree
"tuyá»‡t quÃ¡, láº¥y cho m Ä‘i",agree
"uh, váº­y thÃ¬ LÃ m cho em 1 ly yakul xoÃ i size m cÃ³ thÃªm tháº¡ch matcha tÃ½ 9h em vá» qua láº¥y Ä‘Æ°á»£c khÃ´ng áº¡ .",agree
"okie, m ck luÃ´n cÅ©ng Ä‘Æ°á»£c, Ship cho mÃ¬nh 4 cá»‘c ba anh em size M. 3 cá»‘c 30%Ä‘Ã¡, 1 cá»‘c 50% Ä‘Ã¡ báº¡n nhÃ© .",agree
"ok, 1 mojito chanh tÆ°Æ¡i size regular",agree
m confirm thÃ´ng tin ,agree
"cÃ¡m Æ¡n ad, mÃ¬nh rÃµ chÃ­nh sÃ¡ch Ä‘á»•i tráº£ rá»“i. Váº­y MÃ¬nh order 1 size L máº§u navy , 1 size s mÃ u Ä‘en . ÄÄƒng_kÃ½ chuyá»ƒn khoáº£n tháº¿_nÃ o báº¡n ?",agree
"uh, náº¿u tháº¿ cho má»™t toffee háº¡nh nhÃ¢n size s",agree
BÃªn mÃ¬nhdang cÃ³ ctrinh gÃ¬ váº¡ya áº¡,promotion
khuyáº¿n mÃ£i hÃ´m nay cÃ³ Ä‘á»“ uá»‘ng matcha khÃ´ng,promotion
ctr km nÃ y kÃ©o dÃ i tá»›i khi nÃ o,promotion
chÆ°Æ¡ng trÃ¬nh khuyáº¿n mÃ£i khi nÃ o háº¿t háº¡n,promotion
Ad Æ¡i khuyáº¿n mÃ£i tá»« máº¥y giá» Ä‘áº¿n máº¥y giá» tháº¿ áº¡,promotion
mua 3 ko dduwjowjc  discount Ã ,promotion
náº¿u mÃ¬nh Ä‘áº·t thÃªm capuchino ná»¯a thÃ¬ cÃ³ Ä‘c km ko,promotion
"trÃ  sá»¯a mÃ¬nh lÃ¢u ko cÃ³ km nhá»‰, toÃ n km cafÃ© thÃ´i",promotion
link dÆ°á»›i tháº¥y váº«n cÃ²n mÃ  sao ko Ä‘c giáº£m,promotion
cÃ¡i há»“ng Ä‘áº­m vÃ  xanh ko sale Ã ,promotion
"ko cÃ³ km cho traÌ€ xanh chanh quÃ¢Ìt mÃ¢Ì£t ong,trÃ  sÆ°Ìƒa dÆ°a gang,yaku xoaÌ€i Ã  ",promotion
trÃ  sá»¯a hoÃ ng gia cÃ²n sale ko,promotion
size XL cÃ³ tÃ­nh giáº£m giÃ¡ ko,promotion
cÃ  phÃª sá»¯a Ä‘Ã¡ váº«n giÃ¡ áº¥y mÃ  ko giáº£m Ã  ,promotion
loáº¡i cá»‘c size lá»›n tÃ­nh báº±ng size nhá» Ã  .,promotion
chÃ o ad,greetings
Good afternoon,greetings
Thá»i gian dÃ i rá»“i má»›i gáº·p nhá»‰ ?,greetings
Good to see you,greetings
B Æ¡i b Æ¡i,greetings
How come I never see you?,greetings
b Æ¡i,greetings
Em chÃ o quÃ¡n,greetings
b á»›i,greetings
chÃ o ad áº¡!,greetings
shop Æ¡i,greetings
bot Æ¡i,greetings
Hi.What have you been up to all these years?,greetings
ChÃ o Toco toco,greetings
anh Æ¡i,greetings
Good morning,greetings
LÃ¢u rá»“i khÃ´ng gáº·p.,greetings
Bonjour,greetings
ChÃ o Linh,greetings
cho em há»i chÃºt,greetings
xin chÃ o,greetings
Toco Æ¡i,greetings
Konbanwa,greetings
chÃ o bot nhÃ©,greetings
cÃ³ ai ko tráº£ lá»i Ä‘i,greetings
Gá»­i menu Ä‘Æ°á»£c khÃ´ng áº¡?,show_menu
menu chÃ¨,show_menu
toco cÃ³ thá»ƒ chá»¥p menu cho mk xem k áº¡?,show_menu
cho e xe me nu Ä‘i áº¡ .,show_menu
cho tÃ´i menu nÆ°á»›c trÃ¡i cÃ¢y,show_menu
Ad Æ¡i cho m xin menu vá»›i áº¡ .,show_menu
menu mojito passion fruit,show_menu
mÆ°á»£n thá»±c Ä‘Æ¡n,show_menu
cho tÃ´i mÆ°á»£n menu Ä‘á»ƒ order?,show_menu
menu espresso & coffee,show_menu
menu smoothies,show_menu
cho xem menu Ä‘i,show_menu
"Shop Æ¡i, shop cÃ³ thá»ƒ cho mÃ¬nh xem cÃ¡i menu Ä‘Æ°á»£c khÃ´ng?",show_menu
tÃ´i muá»‘n xem menu,show_menu
Cá»­a hÃ ng cho mÃ¬nh xin menu vá»›i áº¡,show_menu
cho mÃ¬nh xem menu espresso,show_menu
cho tÃ´i mÆ°á»£n thá»±c Ä‘Æ¡n Ä‘á»ƒ order?,show_menu
Báº¡n Æ¡i cho mÃ¬nh menu vá»›i,show_menu
Linh Æ¡i gá»­i anh cÃ¡i menu,show_menu
cho em xem menu vá»›i báº£ng giÃ¡ Ä‘Æ°á»£c khÃ´ng?,show_menu
báº¡n cho mk menu,show_menu
"Báº¡n Æ¡i cÃ³ size nhÆ° tháº¿ nÃ o , mÃ u_sáº¯c Ä‘á»§ nhÆ° trong hÃ¬nh khÃ´ng ?",show_menu
cÃ³ vÃ¡y cho ngÆ°á»i cao 1m6 náº·ng 48kg,show_menu
nhá»¯ng loáº¡i nÃ o Ä‘Æ°á»£c sale 30% ná»¯a ah shop ğŸ˜šğŸ˜šğŸ˜š?,show_menu
"TÃ´i 1 , 65m 70kg máº·c vá»«a nhá»¯ng loáº¡i vÃ¡y nÃ o  !",show_menu
Be 15 kg cao hon 1m mot chut cÃ²n Ä‘á»“ gÃ¬  ko em ?,show_menu
cho em há»i em 1m75 ngá»±c 92 bá»¥ng 80 máº·c size S hay M áº¡? chá»‹ cÃ²n Ä‘á»“ nÃ o em máº·c vá»«a khÃ´ng cho em xem vá»›i,show_menu
shop Æ¡i 65kg thÃ¬ shop cÃ³ Ã¡o vá»«a ko ,show_menu
náº¿u free ship thÃ¬ Ä‘Æ°a mÃ¬nh xem luÃ´n,show_menu
show quáº§n Ã¡o tráº» em ,show_menu
hÃ ng Ä‘Ã³ cÃ²n ko thÃ¬ mÃ¬nh Ä‘áº·t  ?,show_menu
sinh tá»‘ cÃ³ nhá»¯ng vá»‹ gÃ¬,show_menu
"háº¿t rá»“i Ã , váº­y chuyá»ƒn xem sinh tá»‘ Ä‘i",show_menu
cÃ¡i kiá»ƒu vÃ¡y xÃ²e cÃ²n loáº¡i nÃ o ná»¯a,show_menu
"size M cÃ³ nhá»¯ng máº«u nÃ o háº£ shop, mÃ¬nh chá»‰ vá»«a size nÃ y thÃ´i",show_menu
 bÃ¡nh trá»©ng cÃ²n loáº¡i cÃ³ mÃºi nÃ o ko,show_menu
Dáº¡ em cáº£m Æ¡n ,thanks
Ã€. Ra váº­y. Cáº£m Æ¡n b â˜ºâ˜º,thanks
thanks nhÃ¬u láº¯m,thanks
"thanks, Ä‘á»•i sang háº¿t size M nhÃ©",thanks
"thanks, váº­y e Ä‘áº·t 2 cÃ¡i",thanks
thanks. 1 hazelnut Ä‘Ã¡ xay size regular,thanks
1 matcha macchiato size regular ná»¯a ad Ã . CÃ¡m Æ¡n ad,thanks
" Ä‘á»“ ngon láº¯m, ko ngá»t láº¯m. Thanks cá»­a hÃ ng iu quÃ½, sáº½ order nhiá»u",thanks
 Báº¡n ship cho mÃ¬nh 2 cá»‘c trÃ  sá»¯a size L cho mÃ¬nh Ä‘áº¿n sá»‘ 6b ngÃµ 90 Hoa Báº±ng . Thanks,thanks
"dáº¡, em cáº£m Æ¡n áº¡. cho má»™t mocha háº¡nh nhÃ¢n size s",thanks
"okie, tá»‘t quÃ¡, ráº» tháº¿ thÃ¬ cho má»™t latte nÃ³ng size regular ná»¯a nhÃ©",thanks
"thanks, Ä‘Æ°á»£c km váº­y thÃ¬ cho 2 trÃ  nho Ä‘en Ä‘Ã¡ size m Ä‘áº¿n 87 duy tÃ¢n",thanks
1 nÆ°á»›c cam tÆ°Æ¡i 100% size regular thanks,thanks
" cáº£m Æ¡n shop, cho m thÃªm 2 machito socola size m .",thanks
cáº£m Æ¡n Ä‘Ã£ reply thÆ° rÃ¢t nhanh vÃ  rÃµ rÃ ng,thanks
"shop mÃ¬nh ráº¥t cÃ³ uy tÃ­n Ä‘áº¥y, ráº¥t tá»‘t",thanks
MÃ¬nh muá»‘n láº¥y Ä‘Ã´i nÃ y size 37 mÃ u nÃ¢u . KhÃ´ng biáº¿t tá»•ng_cá»™ng háº¿t bao_nhiÃªu tiá»n áº¡ ?,asking PI
Ä‘Ã´i mÃ u tÃ­m bao nhiÃªu tiá»n váº­y shop ?,asking PI
mÃ u gÃ¬,asking PI
Tivi tui mua 55k6300 bá»‹ lá»t sÃ¡ng vÃ  bá»‹ máº¥t mÃ u 1/2 mÃ n_hÃ¬nh thÃ¬ Ä‘á»•i Ä‘Æ°á»£c khÃ´ng ? Tui mua má»›i cÃ³ 60 ngÃ y tem mÃ n_hÃ¬nh cÃ²n chÆ°a gá»¡ ná»¯a . Ad tráº£_lá»i giÃºp,asking PI
"cÃ³ mÃ u tá»‘i khÃ´ng , sizeM",asking PI
rá»“i mÃ u nÃ y cÃ³ chÆ°a,asking PI
Ná»¯ cÃ³ mÅ© cÃ³ mÃ u há»“ng Ä‘áº­m khÃ´ng báº¡n,asking PI
Ã¡o nÃ y mÃ¬nh cÃ³ má»—i mÃ u tráº¯ng thÃ´i Ã  báº¡n,asking PI
Hung pham cá»•ng Digital audio out á»Ÿ phÃ­a sau tv nÃ³ sÃ¡ng Ä‘Ã¨n mÃ u Ä‘á» á»Ÿ trong lá»—_ak,asking PI
Ã¡o kids boy</product? mÃ¬nh cÃ³ mÃ u xanh navy size 160 sáºµn k báº¡n,asking PI
Samsung Æ¡i cho em há»i_em mua tivi ss 32inchrá»“i . MÃ  giá» á»Ÿ giá»¯a tivi xuáº¥t_hiá»‡n má»™t Ä‘Æ°á»ng mÃ u Ä‘en cháº¡y ngang giá»¯a mÃ n hinh . VÃ¢y lÃ  lÃ m_sao áº¡ . Muá»‘n báº£o_hÃ nh thÃ¬ lÃ m gÃ¬ áº¡,asking PI
2 mÃ u khÃ¡c nhau tháº¿ nÃ o váº­y shop ?,asking PI
Shop cÃ³ mÃ u_da khÃ´ng,asking PI
cÃ¡i nÃ y cÃ³ nhá»¯ng mÃ u nÃ o váº­y shop ? BH Ä‘áº·t_hÃ ng thÃ¬ khi nÃ o cÃ³ ?,asking PI
Nháº­t_Quang thá»­ Ãºp áº£nh xem mÃ u vá»›i báº¡n,asking PI
Shop cÃ³ mÃ u_da k,asking PI
L cÃ³ mÃ u Ä‘en khÃ´ng áº¡.Ä‘Ã¢y lÃ  Ã¡o giá»¯ nhiá»‡t Ä‘Ãºng khÃ´ng,asking PI
mÃ u navy cÃ³> M khÃ´ng,asking PI
CÃ³ mÃ u Ä‘en k . Náº¿u cÃ³ thÃ¬ tui láº¥y 1 cÃ¡i .,asking PI
"Thanh_BÃ¹i máº·c quáº§n mÃ u Ä‘en , tay cáº±m mic Ä‘Ã³ Ã  báº¡n ^^",asking PI
"Samsung SUHD TV ( 2016 ) mang láº¡i giÃ u mÃ u_sáº¯c , giÃ u hÃ¬nh_áº£nh , giÃ u Ã¢m_thanh , ... pháº£i khÃ´ng cáº£ nhÃ ",asking PI
CÃ³ Ã¡o chá»‘g náº¯ng uniqlo mÃ u ghi size M vÃ  size XXL khÃ´ng a,asking PI
Chá»‰ cÃ³ mÃ u nÃ y thui há»Ÿ em ?,asking PI
mÃ u há»“ng cÃ³ size 150 khÃ´ng chá»‹,asking PI
rá»“i mÃ u nÃ y chÆ°a cÃ³ áº¡,asking PI
C oi mÃ u 10 pink cua ngÆ°á»i_lá»›n e Ä‘áº·t cÃ³ giong mau hong dam hÃ¬nh nay k,asking PI
Gá»­i giÃ¡ cho chá»‹ nhÃ© . CÃ³ nhá»¯ng mÃ u gÃ¬ nhá»‰ ?,asking PI
B Æ¡i Ã¡o ná»¯ mÃ u há»“ng Ä‘áº­m ko mÅ© nhÆ° hÃ¬nh lÃ  mÃ£ bnh Ä‘áº¥y ?,asking PI
CÃ³ mÃ u khÃ¡c ná»¯a Ã¡,asking PI
CÃ³ mÃ u TrÄƒng hay XÃ¡m khÃ´ng Shop ?,asking PI
Inbox e áº£nh tháº­t mÃ u Ã¡o áº¡ .,asking PI
mau dark green co p giong mÃ u bá»™_Ä‘á»™i k,asking PI
Ão nÃ y cÃ²n mÃ u nÃ o háº£ shop,asking PI
ChÃ¡u Æ¡i cÃ³ thuá»‘c nhuá»™m mÃ u tÃ­m violet khÃ´ng,asking PI
CÃ³ mÃ u Ä‘en khÃ´ng shop Æ¡i,asking PI
Tá»§_láº¡nh nÃ y cÃ³ máº¥y mÃ u váº­y,asking PI
mÃ u ghi lÃ  mÃ u bn b Æ¡i ?,asking PI
"mÃ¬nh 50kg cao 1,54 cm cháº¯c chá»‰ size S thÃ´i shop ?",asking PI
"1m66 , 63kg mac size nÃ o báº¡n",asking PI
NhÆ°ng nhiá»u khi c ko biáº¿t cÃ¡i Ã¡o nÃ o cÃ³<attribute> mÃºt</attribute> Ã¡o nÃ o ko cÃ³ ná»¯a ? Náº¿u mua quáº§n ko thÃ´i thÃ¬ c mac size nÃ o ? C cao 1.58m vÃ  náº·ng 57 kg,asking PI
Nháº­t_Quang size l bao nhiÃªu kg máº·c vá»«a shop,asking PI
"MÃ¬nh vá»«a gá»i Ä‘iá»‡n há»“i chiá»u Ã½ , size 150 cÃ²n má»—i mÃ u nÃ y thÃ´i Ã  báº¡n . Ná»¯_cao 1m52 máº·c Ä‘Æ°á»£c khÃ´ng nhá»‰ ?",asking PI
CÃ³ cÃ¡i nÃ o size m k e,asking PI
Size_Hm chá»n size tháº¿_nÃ o chá»‹ Æ¡i : (,asking PI
1m60 náº·ng 55kg máº·c size gÃ¬ shop ?,asking PI
 BÃªn b cÃ³ ship 1 cá»‘c size lá»›n nháº¥t ko áº¡? Size XL áº¡ .,asking PI
Co doi nao cho nam size 40 khÃ´ng add,asking PI
báº¡n Æ¡i mÃ u 73 PURPLE  cÃ³ size 150 khÃ´ng,asking PI
Nháº­t_Quang size gÃ¬ háº£ báº¡n,asking PI
"VÃ²ng 3 ,97 thÃ¬ máº·c size gÃ¬ báº¡n",asking PI
 Cho em há»i mua cá»‘c thá»© 2 vá»›i giÃ¡ 28000 cÃ³ Ã¡p dá»¥ng ship khÃ´ng áº¡ ? VÃ  Ä‘áº¥y lÃ  size L Ä‘Ãºng khÃ´ng áº¡,asking PI
BÃ© nhÃ  chá»‹ 7 tuá»•i cÃ³ size khÃ´ng em,asking PI
láº¥y cho chá»‹ mÃ u tÃ­m Ä‘á»< size m hay s nhá»‰,asking PI
MÃ u ghi cÃ³ size bÃ© 20kg k áº¡,asking PI
 cáº£ size M vÃ  L áº¡? .,asking PI
CÃ³ Ã¡o em bÃ© size 11kg khÃ´ng báº¡n Æ¡i,asking PI
cÃ¡ch chá»n size sao admin ?,asking PI
"mong minh 97 , chon size L co vua khit qua k nhi? hay la nen lay XL ha shop",asking PI
Ão nÃ y size bÃ© nháº¥t m58 máº·c Ä‘áº¿n Ä‘Ã¢u áº¡,asking PI
 Cá»© sz M lÃ  Ä‘á»“ng giÃ¡ 28k pháº£i k ah .,asking PI
1m75 54kg máº·c size nÃ o váº­y chá»‹ ?,asking PI
"84 , 74 , 92 . Báº¡n xem size nÃ o vá»«a",asking PI
"Quáº§n mÃ u xanh ( máº«u máº·c ) + quáº§n Ä‘en cÃ³ size cho báº¡n 32kg , cao 135cm khÃ´ng shop ?",asking PI
nÃ y cÃ³ size cho bÃ© 3-4 tuá»•i khÃ´ng váº­y,asking PI
CÃ³ Ã¡o chá»‘g náº¯ng uniqlo mÃ u ghi size M vÃ  size XXL khÃ´ng a,asking PI
 VÃ­ dá»¥ 13579 em láº¥y size L thÃ¬ 246810 váº«n Ä‘Æ°á»£c 28000 Ä‘Ãºng khÃ´ng áº¡ .,asking PI
 Em láº¥y cá»‘c trÃ  sá»¯a size M Ä‘ang khuyáº¿n máº¡i 29000 vá»›i áº¡ .,asking PI
BÃ© 15kg size gÃ¬ báº¡n,asking PI
"cÃ¡ch tÃ­nh size giÃ y nhÆ° tháº¿ nÃ y chá»‹ nhá»‰ , chá»“ng em bÃ¬nh thÆ°á»ng Ä‘i giÃ y size 41",asking PI
ÄÃ´i nÃ y cÃ³ size 33 khÃ´ng shop ?,asking PI
NhÆ°ng size thÃ¬ ntn báº¡n,asking PI
"Shop Æ¡i 1 , 65m náº·ng 60 kg thÃ¬ máº·c size gÃ¬ áº¡ ?",asking PI
MÃ u há»“ng cÃ³ size m hoÄƒÌ£c L khÃ´ng em,asking PI
MÃ¬nh muá»‘n mua cho chÃ´ng cÃ¡i Ã¡o_giÃ³ Ä‘en nhÆ°ng khÃ´ng biáº¿t mua size gÃ¬.á»Ÿ Ä‘Ã¢y thÆ°á»ng máº·c size L.mua khoáº£ng bao_lÃ¢u vá» hÃ ng háº£ báº¡n .,asking PI
Chá»‹ Æ¡i size nÃ o lÃ  lá»›n nháº¥t áº¡ ?,asking PI
Ão há»“ng size 150 mÃ¬nh cao 158 náº·ng 50kg máº·c Ä‘Æ°á»£c khÃ´ng báº¡n,asking PI
CÃ³ Ä‘Ã´i nÃ y size 44 khÃ´ng shop ?,asking PI
Em oi may bo cho be trai nay co size cho be khoang 15kg ko ?,asking PI
"chÃ¢n em bÃ¬nh thÆ°á»ng Ä‘i size 36,5 .thÃ¬ em láº¥y lÃªn thÃ nh 37 Ä‘Ãºng khÃ´ng áº¡. lÃ  tÆ°Æ¡ng Ä‘Æ°Æ¡ng 23 cm Ä‘Ãºng khÃ´ng shop",asking PI
MÃ¬nh máº·c Ã¡o sÆ¡_mi size m thÃ¬ máº·c Ã¡o bomber size m Ä‘Æ°á»£c khÃ´ng.,asking PI
 Vd 13579 e láº¥y sz L thÃ¬ 246810 váº«n Ä‘c 28k Ä‘Ãºng k áº¡ .,asking PI
Äá»“ng_há»“ nÃ y size bn váº­y ship,asking PI
Me em 65 kg cao 1m55 mac vua size M ko shop,asking PI
Ng cao 1m72 náº·ng 70kg thÃ¬ máº·c size 2Xl hay Xlnhir ?,asking PI
 E mua á»Ÿ chá»— toco cáº§u vÆ°á»£t cáº§u giáº¥y cÃ³ chÆ°Æ¡ng trÃ¬nh Ä‘á»“ng giÃ¡ lÃ  28k size M áº¡ .,asking PI
Ok b . Váº­y Ã¡o há»“ng cÃ³ mÅ© cÃ³ size Ä‘Ã³ ko b ?,asking PI
 Em láº¥y cá»‘c trÃ  sá»¯a size M Ä‘ang khuyáº¿n máº¡i 29000 vá»›i áº¡ .,asking PI
mÃ¬nh 58 kg máº·c size M hay L háº£ báº¡n,asking PI
"mÃ¬nh 57kg , 1m65 máº·c size gÃ¬ háº£ báº¡n ?",asking PI
 cho mÃ¬nh há»i Ä‘á»“ng giÃ¡ 29000 lÃ  vá»›i size nhá» hay cáº£ size to áº¡ .,asking PI
 Em mua á»Ÿ chá»— toco cáº§u vÆ°á»£t cáº§u giáº¥y cÃ³ chÆ°Æ¡ng trÃ¬nh Ä‘á»“ng giÃ¡ lÃ  28000 size M áº¡ .,asking PI
"Nam thÃ¬ 60 kg , 1,65 m nhÆ°ng bá»¥ng to cháº¯c cÅ©ng size l háº£ báº¡n ?",asking PI
"Báº¡n Æ¡i , chá»‹ mÃ¬nh 1m 60 60kg thÃ¬ máº·c size nÃ o háº£ báº¡n , thanks báº¡n",asking PI
 Ad Æ¡ii t4 vs t5 Ä‘á»“g giÃ¡ 29k lÃ  size j áº¡ .,asking PI
"Shop Æ¡i , size 24 lÃ  tÆ°Æ¡ng_Ä‘Æ°Æ¡ng size máº¥y cá»§a adidas ?",asking PI
31 cÃ¢n máº·c size máº¥y áº¡,asking PI
Shop Æ¡i giÃºp mÃ¬nh cÃ¡ch chá»n size vá»›i,asking PI
KhÃ´ng cÃ³ size lá»›n hÆ¡n Ã  em Æ¡i,asking PI
 nghÄ©a lÃ  cÃ¡i voucher Ä‘Ã³ láº§n sau mÃ¬nh uá»‘ng lÃ  Ä‘c chá»n cá»‘c size L 29k a .,asking PI
Con trai 1m53 size gÃ¬ háº£ báº¡n ?,asking PI
 Cá»­a hÃ ng mÃ¬nh cÃ²n chÆ°Æ¡ng trÃ¬nh Ä‘á»“ng giÃ¡ size M trÆ°á»›c 14h khÃ´ng áº¡ .,asking PI
"mÃ´ng mÃ¬nh 97 , chá»n size l cÃ³ vá»«a khÃ­t quÃ¡ khÃ´ng nhá»‰ ? hay lÃ  nÃªn láº¥y XL háº£ shop",asking PI
Bá»‘_Con NhÃ _NgÃ³i há»i cho e mÃ u xanh cÃ³ size cho ng 62kg ko.xanh rÃªu Ã½,asking PI
Báº¡n Æ¡i muá»‘n biáº¿t size chÃ­nh_xÃ¡c thÃ¬ Ä‘o chiá»u dÃ i chÃ¢n Ã  .,asking PI
 Äá»“ng giÃ¡ 29000 Ã¡p dá»¥ng size M hay L áº¡ .,asking PI
"Shop Æ¡i , Ä‘i size41 quy size nÃ y lÃ  size bao nhiu shop ?",asking PI
CÃ³ size cho bÃ© 15kg vá»›i 23kg khÃ´ng shop,asking PI
52kg size j b Æ¡i ?,asking PI
 VÃ­ dá»¥ 13579 em láº¥y size L thÃ¬ 246810 váº«n Ä‘Æ°á»£c 28000 Ä‘Ãºng khÃ´ng áº¡ .,asking PI
máº¹ mÃ  táº§m 55kg vÃ  cao 1.57 thÃ¬ cÃ³ máº·c Ä‘Æ°á»£c size 160 khÃ´ng shop ?,asking PI
"Báº¡n Æ¡i hÃ´m qua tháº¥y cÃ³ filter size mÃ  nay khÃ´ng tháº¥y , size toÃ n tiáº¿ng Nháº­t khÃ´ng chá»n Ä‘Æ°á»£c",asking PI
Shop Æ¡i size 36 tÆ°Æ¡ng_Ä‘Æ°Æ¡ng vá»›i size nÃ o nhá»‰,asking PI
khÃ´ng pháº£i chÃ¢n mÃ¬nh . mÃ¬nh há»i size ná»¯,asking PI
cho mÃ¬nh há»i má»Ÿ cá»­a Ä‘áº¿n máº¥y giá» váº­y báº¡n,closing-open
cá»§a hÃ ng cÃ²n má»Ÿ k áº¡,closing-open
cho e hoÌ‰i cÆ°Ì‰a haÌ€ng mÆ¡Ì‰ tÆ°Ì€ mÃ¢Ìy giÆ¡Ì€ Ä‘ÃªÌn mÃ¢Ìy giÆ¡Ì€ aÌ£?,closing-open
chá»§ nháº­t shop má»Ÿ tá»›i máº¥y h,closing-open
Ä‘Ã³ng khi nÃ o,closing-open
cá»­a hÃ ng mÃ¬nh sao ko má»Ÿ tá»›i 8h nhá»‰ vÃ¬ giá» hc nhiá»u ng báº­n láº¯m,closing-open
chá»§ nháº­t cá»­a hÃ ng má»Ÿ tá»›i máº¥y giá»,closing-open
ko lÃ m cuá»‘i tuáº§n sao,closing-open
Co chuyá»ƒn ve tan nha vÃ o cuá»‘i tuáº§n ko ad,closing-open
tháº¿ chuyá»ƒn sau 8h tá»‘i cuá»‘i tuáº§n ra 464 phÃºc diá»…n cÃ³ máº¥t phÃ­ chuyá»ƒn k báº¡n nhá»‰.,closing-open
Báº¡n Æ¡i 2 cá»‘c cÃ³ chuyá»ƒn sau 10h ko,closing-open
 bÃªn báº¡n khÃ´ng <payment_type>thanh toÃ¡n qua tháº»</payment_type> Ä‘Æ°á»£c Ã  .,thanh_toan
Ship hcm báº¡n thanh_toÃ¡n phÃ­ ship cho bÃªn váº­n_chuyá»ƒn . Báº¡n <payment_type>chuyá»ƒn khoáº£n</payment_type> tiá»n hÃ ng cho bÃªn tá»› nhÃ©,thanh_toan
 Cá»§a mÃ¬nh cáº£ ship háº¿t bn báº¡n,thanh_toan
 B tÃ­nh tiá»n cho mÃ¬nh xem háº¿t bn ? .,thanh_toan
 NÃ£y em gá»i tháº¥y shop báº£o khÃ´ng cÃ³ dá»‹ch vá»¥ <payment_type>chuyá»ƒn khoáº£n </payment_type>lÃ  sao a .,thanh_toan
 Oki tháº¿ cho e stk chiá»u e chuyá»ƒn khoáº£n e Ä‘áº·t rá»“i shop ship qua cho báº¡n e nhÃ© .,thanh_toan
 Tháº¿ tá»•ng háº¿t bao nhiÃªu tiá»n áº¡.. .,thanh_toan
thanh toÃ¡n hÃ³a Ä‘Æ¡n nhÆ° tháº¿ nÃ o nhá»‰?,thanh_toan
"Em tháº¥y shop ghi<payment_type> chuyá»ƒn khoáº£n</payment_type> cá»c 1/2 chá»‹ vá»›i em chung , chuyá»ƒn khoáº£n cho shop ghi ná»™i_dung chung vá»›i nhau chá»‹ !",thanh_toan
 TÃ­nh cho mÃ¬nh xem háº¿t bn tiá»n .,thanh_toan
Bá»™ Ã¢m_thanh trÃªn hÃ¬nh lÃ  gÃ¬ xin thanh toÃ¡n áº¡,thanh_toan
 háº¿t bn báº¡n .,thanh_toan
 Tháº¿ b tÃ­nh cho mk mua 6 cá»‘c mÃ  cÃ³ tháº» vip thÃ¬ háº¿t bn .,thanh_toan
MÃ¬nh cÃ³ sam sung galaxy s6 vá»¡ kÃ­nh mÃ n hÃ¬nh khÃ´ng biáº¿t Ã©p láº¡i háº¿t bao nhiÃªu nhá»‰. mÃ¬nh cáº£m Æ¡n nhiá»u,thanh_toan
"CoÃ¡._CoÃ¡ . NÃ ng gá»‘m cÃ³ Ä‘á»‘ng hÃ ng má»›i_Ä‘Ã³ , lÃªn xem Ä‘áº·t vÃ  <payment_type>chuyá»ƒn khoáº£n</payment_type> Ä‘áº¿n khi chá»‹ Ã½ vá» lÃ  vá»«a : ) ) ) )",thanh_toan
"Em tháº¥y shop ghi <payment_type>chuyá»ƒn khoáº£n</payment_type> cá»c 1/2 chá»‹ vá»›i em chung , chuyá»ƒn khoáº£n cho shop ghi ná»™i_dung chung vá»›i nhau chá»‹ !",thanh_toan
Em Æ¡i Chá»‹ vá»«a<payment_type> chuyá»ƒn khoáº£n</payment_type> 200k Ä‘áº·t mua trÃªn jpone.vn 1 chiáº¿c mÃ u true indigo ( mÃ u Ä‘á»-káº» Ä‘en ) tá»« tÃ i khoáº£n VBC ... 9812 .,thanh_toan
Chá»‹ láº¥y 2 tÃºi sÃ¡ng_mai chá»‹<payment_type> chuyá»ƒn khoáº£n</payment_type>,thanh_toan
háº¿t bao nhiÃªu tÃ´i<payment_type> tráº£ tiá»n</payment_type>?,thanh_toan
"Kiá»ƒm_tra há»™ tá»› , tá»› vá»«a Ä‘áº·t cÃ¡i vÃ¡y nÃ y trong má»¥c Ä‘áº·t_hÃ ng nhanh nhÆ°ng khÃ´ng biáº¿t Ä‘Ã£ Ä‘áº·t_hÃ ng thÃ nh_cÃ´ng hay chÆ°a Ä‘á»ƒ<payment_type> chuyá»ƒn khoáº£n </payment_type>: ) )",thanh_toan
"mai báº¡n <payment_type>chuyá»ƒn khoáº£n</payment_type> ok , báº¡n inbox cho shop nhÃ©",thanh_toan
 Tháº¿ tá»•ng háº¿t bn tiá»n áº¡.. .,thanh_toan
 NÃ£y e gá»i tháº¥y shop báº£o k cÃ³ dá»‹ch vá»¥ chuyá»ƒn khoáº£n lÃ  sao a .,thanh_toan
 tá»•ng cá»§a mÃ¬nh háº¿t bn nhá»‰?,thanh_toan
hÃ³a Ä‘Æ¡n cá»§a mÃ¬nh háº¿t bao nhiÃªu nhá»‰?,thanh_toan
<payment_type>chuyá»ƒn khoáº£n</payment_type>,thanh_toan
em Æ¡i thanh toÃ¡n,thanh_toan
" Äáº¿n láº¥y hÃ ng, thanh toÃ¡n Ä‘i ngay .",thanh_toan
Nha minh xai cai 6600 sao kg mo dc ung_dung karaoke home . Toan bat dang ki<payment_type> tra tien</payment_type> la sao ...,thanh_toan
báº¡n Æ¡i khi nÃ o mÃ¬nh nháº­n Ä‘Æ°á»£c hÃ ng báº¡n? mÃ¬nh <payment_type>chuyá»ƒn khoáº£n </payment_type>hÃ´m 31/12 báº¡n háº¹n 1 tuáº§n sau nhÆ°ng khi mÃ¬nh inbox há»i bÃªn báº¡n khÃ´ng cÃ³ ai tráº£_lá»i cáº£,thanh_toan
 ship 898 LÃ¡ng háº¿t bao nhiÃªu áº¡ .,thanh_toan
: ) ) nhá» <payment_type>chuyá»ƒn khoáº£n</payment_type> Ã ,thanh_toan
khi<payment_type> chuyá»ƒn khoáº£n</payment_type> ghi tÃªn facebook+ sá»‘ Ä‘iá»‡n thoáº¡i nhÃ© báº¡n Phuong_Nguyentolan,thanh_toan
 táº¡i khÃ´ng cÃ³ dá»‹ch vá»¥ <payment_type>thanh toÃ¡n qua tháº»</payment_type> nÃªn cÅ©ng khÃ³ .,thanh_toan
"mÃ¬nh cÃ³ ship báº¡n nhÃ© , báº¡n<payment_type> chuyá»ƒn khoáº£n</payment_type> xong nháº¯n mÃ¬nh Ä‘á»ƒ mÃ¬nh ship luÃ´n ; hoáº·c báº¡n cÃ³_thá»ƒ<payment_type> tráº£ tiá»n</payment_type> khi nháº­n hÃ ng",thanh_toan
"báº¡n Æ¡i tÃ³m láº¡i mÃ¬nh láº¥y 4 cÃ¡i , 2 mÃ u nhÆ° trÃªn , 1 mÃ u há»“ng nháº¡t vÃ  1 mÃ u hoa Ä‘áº­m ( mÃ u xanh ) .Táº¥t cáº£ Ä‘á»u size m nhÃ© báº¡n . Táº§m 1h mÃ¬nh lÃ m vá» mÃ¬nh<payment_type> chuyá»ƒn khoáº£n</payment_type> rÃ¹i nháº¯n Ä‘á»‹a chá»‰ . thanks báº¡n",thanh_toan
<payment_type>tráº£ tiá»n</payment_type>,thanh_toan
HÃ´m nay khÃ´ng<payment_type> chuyá»ƒn khoáº£n</payment_type> Ä‘Æ°á»£c nhá»‰,thanh_toan
goodbye,bye
See ya,bye
How about we jet off to the shops now?,bye
See you soon,bye
Iâ€™ll be leaving from the office in 20 minutes.,bye
bye,bye
NÃ³i chuyá»‡n sau,bye
Gáº·p cáº­u sau,bye
Goodbye,bye
"thÃ´i, láº§n sau gáº·p nhÃ©",bye
"m sáº¯p háº¿t pin rá»“i, chÃ o nhÃ©",bye
TÃ i khoáº£n cÅ© 711A15569514  cá»§a tÃ´i chuyá»ƒn sang 103008364859 rá»“i nhÃ©,others
TÃ´i chá»‰ nhá»› sá»‘ tÃ i khoáº£n lÃ   101234567890  mÃ  khÃ´ng biáº¿t chi nhÃ¡nh ngÃ¢n hÃ ng,others
Sá»‘ tÃ i khoáº£n cá»§a tÃ´i lÃ  711A83085374,others
TÃ i khoáº£n cá»§a tÃ´i Ä‘Ã¢y nhÃ© 10212345678001,others
MÃ£ sá»‘ tháº» Sacombank MasterCard cá»§a tÃ´i lÃ   5174 1634 1234 1235 ,others
TÃ´i nháº·t Ä‘Æ°á»£c tháº» thanh toÃ¡n Ä‘a nÄƒng Sacombank-Novaland cÃ³ sá»‘ TK  0600 1234 5678 ,others
Sá»‘ tÃ i khoáº£n  1606 205 871 520  nÃ y lÃ  cá»§a Pháº¡m VÄƒn Tuáº¥t láº­p táº¡i ngÃ¢n hÃ ng nÃ´ng nghiá»‡p vÃ  phÃ¡t triá»ƒn nÃ´ng thÃ´n.,others
Hiá»‡n táº¡i sá»‘ tÃ i khoáº£n cá»§a tÃ´i lÃ  103008364859,others
TÃ´i Ä‘ang dÃ¹ng tháº» Visa Platium cÃ³ mÃ£ sá»‘ lÃ   4364 3834 1234 1234 ,others
Tháº» tÃ­n dá»¥ng cá»§a tÃ´i cÃ³ mÃ£ sá»‘ lÃ   4611 3734 1234 1234,others
Tháº» thanh toÃ¡n Sacombank-HUTECH cá»§a sinh viÃªn LÃª Thá»‹ Quá»³nh NhÆ° cÃ³ mÃ£ sá»‘ lÃ   9704 0334 1234 1234 ,others
cá»­a hÃ ng mÃ¬nh cÃ²n tuyá»ƒn nhÃ¢n viÃªn k áº¡,others
cá»­a hÃ ng cÃ³ cÆ¡ sá»Ÿ nÃ o cáº§n tuyá»ƒn nhÃ¢n viÃªn khÃ´ng áº¡?,others
BÃªn báº¡n cÃ²n tuyá»ƒn nv k áº¡,others
anh(chá»‹) Æ¡i cho e hoie chá»— mÃ¬nh cÃ²n tuyá»ƒn nv k áº¡,others
BÃªn mÃ¬nh cÃ³ tuyá»ƒn nhÃ¢n viÃªn k áº¡,others
b tÃ­nh tá»•ng tiá»n cáº£ ship giÃºp mÃ¬nh lÃ  bn nhÃ©,others
B Æ¡i trÃ  sá»¯a bÃ¡n bn v k tháº¥y giÃ¡ áº¡,others
Can help check my starhub account please,others
Can u help me retrieval of my login ID?,others
How to get my HubID,others
How to recover HubID,others
I can t access to my account,others
I cannot reset my hub id and password,others
I don t know my password and hubid,others
I forgot ID. Please help me get back,others
I forgot starhub ID,others
I need my ID please,others
I need my hubID,others
I want to retrieval of my Hub iD,others
What is my hubid and password?,others
"Sáº£n pháº©m cá»§a VFM gá»“m cÃ³ nhá»¯ng gÃ¬, Ä‘áº§u tÆ° nhÆ° tháº¿ nÃ o ",others
cp the mua CCQ o dau hay phai len VFM truc tiep,others
xin chao VFM em muon hoi thong tin ve quy mo ben minh co the tu van giup em duoc chu a,others
rui ro cua cac quy nay la the nao,others
"cho minh hoi viec nay, khi chuyen tien dinh ki minh phai laij truc tiep ngan hangf gui thong qua tai khoan cua minh hay co the gui tu tai khoan atm",others
há»c phÃ­ cÃ³ thay Ä‘á»•i khÃ´ng?,others
Äáº¡i há»c FPT tuyá»ƒn bao nhiÃªu sinh viÃªn nÄƒm 2017,others
Äáº¡i há»c FPT tuyá»ƒn bao nhiÃªu sinh viÃªn nÄƒm 2017,others
Miá»…n thi,others
Äiá»u kiá»‡n miá»…n thi vÃ o trÆ°á»ng lÃ  gÃ¬?,others
Thi vÃ o ngÃ nh thiáº¿t káº¿ Ä‘á»“ hoáº¡ cÃ³ cáº§n thi váº½ khÃ´ng,others
cÃ²n ngÃ nh thiáº¿t káº¿ Ä‘á»“ há»a áº¡,others
cho mÃ¬nh há»i thÃ´ng tin vá» ngÃ nh quáº£n trá»‹ khÃ¡ch sáº¡n áº¡,others
tÃ­nh Ä‘iá»ƒm nhÆ° tháº¿ nÃ o?,others
xÃ©t tuyá»ƒn cáº§n gÃ¬?,others
Ná»™p há»“ sÆ¡ nhÆ° tháº¿ nÃ o?,others
Äiá»u kiá»‡n tuyá»ƒn sinh,others
Viá»‡c lÃ m ngÃ nh ká»¹ thuáº­t pháº§n má»m vÃ  an toÃ n thÃ´ng tin?,others
Truyá»n thÃ´ng Ä‘a phÆ°Æ¡ng tiá»‡n há»c gÃ¬?,others
Cho em há»i há»c phÃ­ á»Ÿ trÆ°á»ng lÃ  bao nhiÃªu?,others
cÃ´ng nghá»‡ thÃ´ng tin,others
trÆ°á»ng tuyá»ƒn sinh ngÃ nh nÃ o?,others
TrÆ°á»ng Ä‘ang Ä‘Ã o táº¡o ngÃ nh gÃ¬?,others
Thá»§ tá»¥c dá»± thi nhÆ° tháº¿ nÃ o?,others
Em muá»‘n nháº­n há»c bá»•ng,others
"Em Ä‘áº¡t há»c bá»•ng á»Ÿ trÆ°á»ng, trong quÃ¡ trÃ¬nh há»c cÃ³ bá»‹ thu há»“i ko áº¡?",others
Äáº¡i há»c FPT lÃ  trÆ°á»ng tÆ°,others
Em sáº½ há»c chuyÃªn ngÃ nh báº±ng tiáº¿ng anh?,others
"Em dá»± Ä‘á»‹nh Ä‘i du há»c sau khi tá»‘t nghiá»‡p, báº±ng cáº¥p cÃ³ Ä‘Æ°á»£c cÃ´ng nháº­n quá»‘c táº¿ khÃ´ng?",others
ChÆ°Æ¡ng trÃ¬nh thá»±c táº­p táº¡i FPT cÃ³ lÆ°Æ¡ng hay khÃ´ng?,others
Báº±ng cá»§a ÄH FPT lÃ  Báº±ng gÃ¬?,others
Sinh viÃªn Ä‘áº¡t há»c bá»•ng cÃ³ báº¯t buá»™c lÃ m á»Ÿ FPT hay khÃ´ng?,others
Em Ä‘áº¡t há»c bá»•ng 100% náº¿u bá»‹ há»c láº¡i thÃ¬ nhÆ° tháº¿ nÃ o áº¡?,others
tá»‘ cháº¥t kinh doanh quá»‘c táº¿,others
thiet ke do hoa to chat,others
nnn viá»‡c lÃ m,others
an toÃ n thÃ´ng tin khÃ³ hÆ¡n ká»¹ thuáº­t pháº§n má»m,others
tiáº¿ng nháº­t thá»±c táº­p,others
trinh do tieng nhat khi ra truong,others
ngon ngu nhat thuc tap,others
ktpm cÃ³ khÃ³ hÆ¡n attt,others
ngÃ´n ngá»¯ nháº­t viá»‡c lÃ m,others
táº¡i sao há»c tiáº¿ng trung ngÃ nh quáº£n trá»‹ kinh doanh,others
con gÃ¡i há»c cntt,others
bo tieng nhat,others
chuong trinh sau dai hoc,others
con gÃ¡i há»c ká»¹ thuáº­t pháº§n má»m,others
táº­p Ä‘oÃ n fpt,others
ngon ngu anh ngon ngu thu 2,others
viá»‡c lÃ m quáº£n trá»‹ khÃ¡ch sáº¡n,others
hoc sinh lop 11 cntt,others
há»c ká»³ nÆ°á»›c ngoÃ i quáº£n trá»‹ kinh doanh,others
em muá»‘n há»c táº¡i Ä‘áº¡i há»c FPT thÃ¬ pháº£i lÃ m gÃ¬,others
ná»¯ há»c ká»¹ thuáº­t pháº§n má»m an toÃ n thÃ´ng tin,others
ngÃ nh ká»¹ thuáº­t pháº§n má»m lÃ m nghá» gÃ¬,others
hoc ky nuoc ngoai qtkd,others
hoc ky nuoc ngoai qtkd,others
to chat quan tri khach san,others
"NgÃ nh KTPM chá»‰ cÃ³ thá»ƒ láº­p trÃ¬nh, viáº¿t chÆ°Æ¡ng trÃ¬nh thÃ´i áº¡",others
ngon ngu thu hai cua nganh quan tri kinh doanh,others
nganh attt co hoc tieng nhat khong,others
gÃ¡i há»c ká»¹ thuáº­t pháº§n má»m an toÃ n thÃ´ng tin,others
viec lam qtks,others
ktpt khac attt,others
fpt sofware,others
truyá»n thÃ´ng Ä‘a phÆ°Æ¡ng tiá»‡n lÄ©nh vá»±c,others
ngÃ´n ngá»¯ thá»© 2 ngÃ´n ngá»¯ nháº­t,others
ngÃ nh ká»¹ thuáº­t pháº§n má»m lÃ m Ä‘Æ°á»£c gÃ¬,others
truyá»n thÃ´ng Ä‘a phÆ°Æ¡ng tiá»‡n há»c ká»³ nÆ°á»›c ngoÃ i,others
ngon ngu thu 2 ngon ngu nhat,others
nna lo trinh,others
dau ra nnn,others
lÃ½ do attt khÃ´ng há»c tiáº¿ng nháº­t,others
nna lá»™ trÃ¬nh,others
tai sao an toan thong tin khong hoc tieng nhat,others
ngÃ´n ngá»¯ anh ngÃ´n ngá»¯ thá»© 2,others
ktpt khÃ¡c an toÃ n thÃ´ng tin,others
lÃ m viá»‡c táº¡i fpt software,others
thá»±c táº­p nháº­n lÆ°Æ¡ng,others
nganh truyen thong da phuong tien da co khoa nao tot nghiep chua,others
phan mem fpt,others
nu hoc ktpt attt,others
viá»‡c lÃ m kdqt,others
ngÃ nh an toÃ n thÃ´ng tin cÃ³ há»c tiáº¿ng nháº­t,others
tkdh noi bat,others
thuc tap co luong,others
kdqt lam trong linh vuc nao,others
kinh doanh quá»‘c táº¿ lÃ m trong lÄ©nh vá»±c nÃ o,others
cho em hoi ve nganh ky thuat phan mem,others
ngon ngu thu 2 ngon ngu nhat,others
kinh doanh quoc te hoc nhung gi,others
lÃ½ nam Ä‘áº¿ lÃ  ai,others
sá»‘ cá»§a tÃ´i lÃ  0982239888,others
Khoáº£ng cÃ¡ch lÃ  bao nhiÃªu tá»« HÃ  Ná»™i Ä‘áº¿n TP Há»“ ChÃ­ Minh?,others
 Rá»‘i loáº¡n tiÃªu hÃ³a lÃ  gÃ¬?,others
